date,product_code,sold_quantity,product,variant,gross_price,gross_price_total
2020-09-01,A0118150101,202,"AQ Dracula HDD – 3.5 Inch SATA 6 Gb/s 5400 RPM 256 MB Cache",Standard,19.0573,3849.5746
2020-09-01,A0118150102,162,"AQ Dracula HDD – 3.5 Inch SATA 6 Gb/s 5400 RPM 256 MB Cache",Plus,21.4565,3475.9530
2020-09-01,A0118150103,193,"AQ Dracula HDD – 3.5 Inch SATA 6 Gb/s 5400 RPM 256 MB Cache",Premium,21.7795,4203.4435
2020-09-01,A0118150104,146,"AQ Dracula HDD – 3.5 Inch SATA 6 Gb/s 5400 RPM 256 MB Cache","Premium Plus",22.9729,3354.0434
2020-09-01,A0219150201,149,"AQ WereWolf NAS Internal Hard Drive HDD – 8.89 cm",Standard,23.6987,3531.1063
2020-09-01,A0219150202,107,"AQ WereWolf NAS Internal Hard Drive HDD – 8.89 cm",Plus,24.7312,2646.2384
2020-09-01,A0220150203,123,"AQ WereWolf NAS Internal Hard Drive HDD – 8.89 cm",Premium,23.6154,2904.6942
2020-09-01,A0320150301,146,"AQ Zion Saga",Standard,23.7223,3463.4558
2020-09-01,A0321150302,236,"AQ Zion Saga",Plus,27.1027,6396.2372
2020-09-01,A0321150303,137,"AQ Zion Saga",Premium,28.0059,3836.8083
2020-09-01,A0418150103,23,"AQ Mforce Gen X","Standard 3",19.5235,449.0405
2020-09-01,A0418150104,82,"AQ Mforce Gen X","Plus 1",19.9239,1633.7598
2020-09-01,A0418150105,86,"AQ Mforce Gen X","Plus 2",20.0766,1726.5876
2020-09-01,A0418150106,48,"AQ Mforce Gen X","Plus 3",19.9365,956.9520
2020-09-01,A0519150201,138,"AQ Mforce Gen Y","Standard 1",22.3984,3090.9792
2020-09-01,A0519150202,72,"AQ Mforce Gen Y","Standard 2",24.9298,1794.9456
2020-09-01,A0519150203,38,"AQ Mforce Gen Y","Standard 3",26.5871,1010.3098
2020-09-01,A0519150204,149,"AQ Mforce Gen Y","Plus 1",26.1081,3890.1069
2020-09-01,A0519150205,29,"AQ Mforce Gen Y","Plus 2",29.7008,861.3232
2020-09-01,A0519150206,28,"AQ Mforce Gen Y","Plus 3",31.2439,874.8292
2020-09-01,A0519150207,171,"AQ Mforce Gen Y","Premium 1",32.4427,5547.7017
2020-09-01,A0519150208,118,"AQ Mforce Gen Y","Premium 2",30.5816,3608.6288
2020-09-01,A0619150301,51,"AQ Mforce Gen Z","Standard 1",30.4696,1553.9496
2020-09-01,A0619150302,191,"AQ Mforce Gen Z","Standard 2",34.0973,6512.5843
2020-09-01,A0620150303,167,"AQ Mforce Gen Z","Standard 3",34.2412,5718.2804
2020-09-01,A0620150304,122,"AQ Mforce Gen Z","Plus 1",37.5826,4585.0772
2020-09-01,A0620150305,173,"AQ Mforce Gen Z","Plus 2",36.5679,6326.2467
2020-09-01,A0620150306,182,"AQ Mforce Gen Z","Plus 3",37.5278,6830.0596
2020-09-01,A0621150307,177,"AQ Mforce Gen Z","Premium 1",36.2434,6415.0818
2020-09-01,A0621150308,166,"AQ Mforce Gen Z","Premium 2",39.3990,6540.2340
2020-09-01,A0721150401,22,"AQ GT 21",Standard,39.3377,865.4294
2020-09-01,A0721150402,62,"AQ GT 21","Plus 1",39.1465,2427.0830
2020-09-01,A0721150403,57,"AQ GT 21","Plus 2",39.2990,2240.0430
2020-09-01,A0721150404,182,"AQ GT 21",Premium,39.1215,7120.1130
2020-09-01,A0821150501,120,"AQ Marquee P3",Standard,40.5013,4860.1560
2020-09-01,A0821150502,106,"AQ Marquee P3","Plus 1",43.2966,4589.4396
2020-09-01,A0821150503,172,"AQ Marquee P3","Plus 2",42.3841,7290.0652
2020-09-01,A0821150504,197,"AQ Marquee P3",Premium,44.7044,8806.7668
2020-09-01,A0921150601,56,"AQ Marquee P4",Standard,45.0813,2524.5528
2020-09-01,A1018150101,91,"AQ 5000 Series Electron 9 5900X Desktop Processor",Standard,111.1036,10110.4276
2020-09-01,A1018150102,51,"AQ 5000 Series Electron 9 5900X Desktop Processor",Plus,123.4797,6297.4647
2020-09-01,A1018150103,159,"AQ 5000 Series Electron 9 5900X Desktop Processor",Premium,123.9315,19705.1085
2020-09-01,A1118150201,106,"AQ 5000 Series Electron 8 5900X Desktop Processor",Standard,124.2640,13171.9840
2020-09-01,A1118150202,33,"AQ 5000 Series Electron 8 5900X Desktop Processor",Plus,129.5836,4276.2588
2020-09-01,A1119150203,158,"AQ 5000 Series Electron 8 5900X Desktop Processor",Premium,139.8962,22103.5996
2020-09-01,A1219150301,114,"AQ 5000 Series Ultron 8 5900X Desktop Processor",Standard,135.6822,15467.7708
2020-09-01,A1219150302,168,"AQ 5000 Series Ultron 8 5900X Desktop Processor",Plus,145.1474,24384.7632
2020-09-01,A1219150303,153,"AQ 5000 Series Ultron 8 5900X Desktop Processor",Premium,142.9402,21869.8506
2020-09-01,A1319150401,152,"AQ Electron 5 3600 Desktop Processor",Standard,149.1034,22663.7168
2020-09-01,A1320150402,112,"AQ Electron 5 3600 Desktop Processor",Plus,150.2450,16827.4400
2020-09-01,A1320150403,186,"AQ Electron 5 3600 Desktop Processor",Premium,160.6912,29888.5632
2020-09-01,A1420150501,87,"AQ Electron 4 3600 Desktop Processor",Standard,160.5082,13964.2134
2020-09-01,A1420150502,81,"AQ Electron 4 3600 Desktop Processor",Plus,169.4999,13729.4919
2020-09-01,A1421150503,84,"AQ Electron 4 3600 Desktop Processor",Premium,176.4389,14820.8676
2020-09-01,A1521150601,82,"AQ Electron 3 3600 Desktop Processor",Standard,186.2917,15275.9194
2020-09-01,A1521150602,168,"AQ Electron 3 3600 Desktop Processor",Plus,185.4599,31157.2632
2020-09-01,A1618150101,117,"AQ MB Elite",Standard,19.6485,2298.8745
2020-09-01,A1618150102,141,"AQ MB Elite","Plus 1",20.4629,2885.2689
2020-09-01,A1618150103,43,"AQ MB Elite","Plus 2",21.2017,911.6731
2020-09-01,A1618150104,67,"AQ MB Elite",Premium,21.4489,1437.0763
2020-09-01,A1718150201,37,"AQ MB Crossx",Standard,21.8879,809.8523
2020-09-01,A1718150202,102,"AQ MB Crossx","Plus 1",22.8957,2335.3614
2020-09-01,A1718150203,110,"AQ MB Crossx","Plus 2",27.3445,3007.8950
2020-09-01,A1718150204,32,"AQ MB Crossx",Premium,28.3991,908.7712
2020-09-01,A1819150301,20,"AQ MB Crossx 2",Standard,28.8615,577.2300
2020-09-01,A1819150302,38,"AQ MB Crossx 2","Plus 1",31.9525,1214.1950
2020-09-01,A1819150303,48,"AQ MB Crossx 2","Plus 2",32.1924,1545.2352
2020-09-01,A1819150304,84,"AQ MB Crossx 2",Premium,32.2612,2709.9408
2020-09-01,A1919150401,103,"AQ MB Lito",Standard,33.7609,3477.3727
2020-09-01,A1919150402,144,"AQ MB Lito","Plus 1",35.0256,5043.6864
2020-09-01,A1919150403,54,"AQ MB Lito","Plus 2",35.8350,1935.0900
2020-09-01,A1920150404,81,"AQ MB Lito",Premium,38.9780,3157.2180
2020-09-01,A2020150501,143,"AQ MB Lito 2",Standard,41.3696,5915.8528
2020-09-01,A2020150502,115,"AQ MB Lito 2","Plus 1",39.3932,4530.2180
2020-09-01,A2021150503,17,"AQ MB Lito 2","Plus 2",45.4377,772.4409
2020-09-01,A2118150101,537,"AQ Master wired x1 Ms","Standard 1",2.9434,1580.6058
2020-09-01,A2118150102,177,"AQ Master wired x1 Ms","Standard 2",3.9998,707.9646
2020-09-01,A2118150103,383,"AQ Master wired x1 Ms","Plus 1",4.5295,1734.7985
2020-09-01,A2118150104,433,"AQ Master wired x1 Ms","Plus 2",5.0459,2184.8747
2020-09-01,A2118150105,844,"AQ Master wired x1 Ms","Premium 1",4.6904,3958.6976
2020-09-01,A2118150106,944,"AQ Master wired x1 Ms","Premium 2",5.2542,4959.9648
2020-09-01,A2218150201,129,"AQ Master wireless x1 Ms","Standard 1",5.4383,701.5407
2020-09-01,A2218150202,218,"AQ Master wireless x1 Ms","Standard 2",6.4054,1396.3772
2020-09-01,A2219150203,686,"AQ Master wireless x1 Ms","Plus 1",6.7301,4616.8486
2020-09-01,A2219150204,749,"AQ Master wireless x1 Ms","Plus 2",7.3526,5507.0974
2020-09-01,A2219150205,969,"AQ Master wireless x1 Ms","Premium 1",7.9813,7733.8797
2020-09-01,A2219150206,578,"AQ Master wireless x1 Ms","Premium 2",8.3193,4808.5554
2020-09-01,A2319150301,765,"AQ Gamers Ms","Standard 1",8.8044,6735.3660
2020-09-01,A2319150302,537,"AQ Gamers Ms","Standard 2",8.9901,4827.6837
2020-09-01,A2319150303,888,"AQ Gamers Ms","Plus 1",9.3977,8345.1576
2020-09-01,A2319150304,466,"AQ Gamers Ms","Plus 2",10.4573,4873.1018
2020-09-01,A2319150305,516,"AQ Gamers Ms","Premium 1",10.4370,5385.4920
2020-09-01,A2319150306,200,"AQ Gamers Ms","Premium 2",10.8659,2173.1800
2020-09-01,A2419150401,181,"AQ Lite Ms","Standard 1",11.4829,2078.4049
2020-09-01,A2419150402,218,"AQ Lite Ms","Standard 2",11.2819,2459.4542
2020-09-01,A2419150403,310,"AQ Lite Ms","Plus 1",10.8925,3376.6750
2020-09-01,A2419150404,144,"AQ Lite Ms","Plus 2",11.6332,1675.1808
2020-09-01,A2419150405,495,"AQ Lite Ms","Premium 1",12.7423,6307.4385
2020-09-01,A2420150406,302,"AQ Lite Ms","Premium 2",12.2979,3713.9658
2020-09-01,A2520150501,1036,"AQ Maxima Ms","Standard 1",12.0689,12503.3804
2020-09-01,A2520150502,903,"AQ Maxima Ms","Standard 2",14.5267,13117.6101
2020-09-01,A2520150503,872,"AQ Maxima Ms","Plus 1",14.1682,12354.6704
2020-09-01,A2520150504,709,"AQ Maxima Ms","Plus 2",14.2800,10124.5200
2020-09-01,A2520150505,497,"AQ Maxima Ms","Premium 1",15.1762,7542.5714
2020-09-01,A2520150506,973,"AQ Maxima Ms","Premium 2",14.5677,14174.3721
2020-09-01,A2620150601,570,"AQ Qwerty Ms","Standard 1",14.9013,8493.7410
2020-09-01,A2620150602,664,"AQ Qwerty Ms","Standard 2",15.8102,10497.9728
2020-09-01,A2620150603,915,"AQ Qwerty Ms","Plus 1",15.9792,14620.9680
2020-09-01,A2620150604,433,"AQ Qwerty Ms","Plus 2",16.5491,7165.7603
2020-09-01,A2620150605,200,"AQ Qwerty Ms","Premium 1",16.5882,3317.6400
2020-09-01,A2620150606,688,"AQ Qwerty Ms","Premium 2",16.7850,11548.0800
2020-09-01,A2720150701,822,"AQ Trigger Ms","Standard 1",17.0917,14049.3774
2020-09-01,A2721150702,171,"AQ Trigger Ms","Standard 2",17.2368,2947.4928
2020-09-01,A2721150703,331,"AQ Trigger Ms","Plus 1",16.9353,5605.5843
2020-09-01,A2721150704,472,"AQ Trigger Ms","Plus 2",19.5860,9244.5920
2020-09-01,A2721150705,1021,"AQ Trigger Ms","Premium 1",19.4042,19811.6882
2020-09-01,A2721150706,404,"AQ Trigger Ms","Premium 2",20.0537,8101.6948
2020-09-01,A2821150801,314,"AQ Lumina Ms","Standard 1",21.7118,6817.5052
2020-09-01,A2918150101,373,"AQ Master wired x1","Standard 1",6.8991,2573.3643
2020-09-01,A2918150102,296,"AQ Master wired x1","Standard 2",7.5979,2248.9784
2020-09-01,A2918150103,290,"AQ Master wired x1","Plus 1",7.7693,2253.0970
2020-09-01,A2918150104,239,"AQ Master wired x1","Plus 2",8.9514,2139.3846
2020-09-01,A2918150105,364,"AQ Master wired x1","Premium 1",9.4650,3445.2600
2020-09-01,A2918150106,602,"AQ Master wired x1","Premium 2",10.4188,6272.1176
2020-09-01,A3018150201,649,"AQ Master wireless x1","Standard 1",10.7955,7006.2795
2020-09-01,A3018150202,876,"AQ Master wireless x1","Standard 2",11.0524,9681.9024
2020-09-01,A3018150203,635,"AQ Master wireless x1","Plus 1",12.3739,7857.4265
2020-09-01,A3019150204,202,"AQ Master wireless x1","Plus 2",11.6011,2343.4222
2020-09-01,A3019150205,260,"AQ Master wireless x1","Premium 1",12.0509,3133.2340
2020-09-01,A3019150206,266,"AQ Master wireless x1","Premium 2",13.0018,3458.4788
2020-09-01,A3119150301,560,"AQ Gamers ","Standard 1",13.5061,7563.4160
2020-09-01,A3119150302,396,"AQ Gamers ","Standard 2",15.3071,6061.6116
2020-09-01,A3119150303,387,"AQ Gamers ","Plus 1",16.2407,6285.1509
2020-09-01,A3120150304,831,"AQ Gamers ","Plus 2",16.3792,13611.1152
2020-09-01,A3120150305,609,"AQ Gamers ","Premium 1",16.3218,9939.9762
2020-09-01,A3120150306,194,"AQ Gamers ","Premium 2",19.3003,3744.2582
2020-09-01,A3220150401,197,"AQ Lite","Standard 1",18.4943,3643.3771
2020-09-01,A3220150402,275,"AQ Lite","Standard 2",18.7947,5168.5425
2020-09-01,A3220150403,781,"AQ Lite","Plus 1",18.5844,14514.4164
2020-09-01,A3220150404,861,"AQ Lite","Plus 2",18.4219,15861.2559
2020-09-01,A3220150405,224,"AQ Lite","Premium 1",18.9415,4242.8960
2020-09-01,A3220150406,451,"AQ Lite","Premium 2",20.0066,9022.9766
2020-09-01,A3320150501,195,"AQ Maxima","Standard 1",20.3908,3976.2060
2020-09-01,A3320150502,172,"AQ Maxima","Standard 2",21.6988,3732.1936
2020-09-01,A3320150503,637,"AQ Maxima","Plus 1",20.8733,13296.2921
2020-09-01,A3320150504,723,"AQ Maxima","Plus 2",22.1341,16002.9543
2020-09-01,A3320150505,576,"AQ Maxima","Premium 1",23.0844,13296.6144
2020-09-01,A3320150506,530,"AQ Maxima","Premium 2",23.7678,12596.9340
2020-09-01,A3420150601,375,"AQ Qwerty","Standard 1",24.5690,9213.3750
2020-09-01,A3420150602,206,"AQ Qwerty","Standard 2",23.9726,4938.3556
2020-09-01,A3421150603,579,"AQ Qwerty","Plus 1",26.9507,15604.4553
2020-09-01,A3421150604,114,"AQ Qwerty","Plus 2",27.4152,3125.3328
2020-09-01,A3421150605,417,"AQ Qwerty","Premium 1",29.8692,12455.4564
2020-09-01,A3421150606,368,"AQ Qwerty","Premium 2",29.6709,10918.8912
2020-09-01,A3521150701,92,"AQ Trigger","Standard 1",29.3872,2703.6224
2020-09-01,A3521150702,389,"AQ Trigger","Standard 2",30.3414,11802.8046
2020-09-01,A3521150703,444,"AQ Trigger","Plus 1",31.7665,14104.3260
2020-09-01,A3521150704,137,"AQ Trigger","Plus 2",33.6246,4606.5702
2020-09-01,A3521150705,796,"AQ Trigger","Premium 1",34.5114,27471.0744
2020-09-01,A3718150101,34,"AQ LION x1",Standard,16.5127,561.4318
2020-09-01,A3718150102,25,"AQ LION x1","Plus 1 ",16.1015,402.5375
2020-09-01,A3718150103,28,"AQ LION x1","Plus 2",17.5697,491.9516
2020-09-01,A3718150105,51,"AQ LION x1",Premium,18.0312,919.5912
2020-09-01,A3818150201,78,"AQ LION x2",Standard,17.2648,1346.6544
2020-09-01,A3818150202,87,"AQ LION x2","Plus 1 ",17.5197,1524.2139
2020-09-01,A3819150203,88,"AQ LION x2","Plus 2",18.4533,1623.8904
2020-09-01,A3819150204,28,"AQ LION x2","Plus 3",21.1942,593.4376
2020-09-01,A3819150205,55,"AQ LION x2",Premium,21.6066,1188.3630
2020-09-01,A3920150301,69,"AQ LION x3",Standard,22.1454,1528.0326
2020-09-01,A3920150302,33,"AQ LION x3","Plus 1 ",23.1520,764.0160
2020-09-01,A3920150303,79,"AQ LION x3","Plus 2",25.4670,2011.8930
2020-09-01,A3920150304,75,"AQ LION x3","Plus 3",25.0442,1878.3150
2020-09-01,A3920150305,66,"AQ LION x3",Premium,27.4546,1812.0036
2020-09-01,A4020150401,31,"AQ Mx NB",Standard,26.9302,834.8362
2020-09-01,A4020150402,23,"AQ Mx NB","Plus 1 ",28.4500,654.3500
2020-09-01,A4021150403,52,"AQ Mx NB","Plus 2",29.9423,1556.9996
2020-09-01,A4021150404,75,"AQ Mx NB","Plus 3",28.5800,2143.5000
2020-09-01,A4021150405,36,"AQ Mx NB",Premium,31.7029,1141.3044
2020-09-01,A4118110105,22,"AQ Aspiron","Plus Blue",182.8932,4023.6504
2020-09-01,A4118110106,9,"AQ Aspiron","Plus Red",187.7533,1689.7797
2020-09-01,A4118110107,20,"AQ Aspiron","Premium Black",195.7721,3915.4420
2020-09-01,A4218110201,11,"AQ Digit","Standard Grey",200.2732,2203.0052
2020-09-01,A4218110202,9,"AQ Digit","Standard Blue",215.9341,1943.4069
2020-09-01,A4218110203,11,"AQ Digit","Standard Red",236.8486,2605.3346
2020-09-01,A4218110204,27,"AQ Digit","Plus Grey",232.1038,6266.8026
2020-09-01,A4218110205,40,"AQ Digit","Plus Blue",240.1403,9605.6120
2020-09-01,A4218110206,15,"AQ Digit","Plus Red",237.0183,3555.2745
2020-09-01,A4218110207,26,"AQ Digit","Premium Black",249.1303,6477.3878
2020-09-01,A4218110208,34,"AQ Digit","Premium Misty Green",243.0414,8263.4076
2020-09-01,A4318110301,29,"AQ Velocity","Standard Grey",264.7000,7676.3000
2020-09-01,A4319110302,38,"AQ Velocity","Standard Blue",267.2091,10153.9458
2020-09-01,A4319110303,36,"AQ Velocity","Standard Red",261.2305,9404.2980
2020-09-01,A4319110304,40,"AQ Velocity","Plus Grey",267.0636,10682.5440
2020-09-01,A4319110305,23,"AQ Velocity","Plus Blue",277.8079,6389.5817
2020-09-01,A4319110306,29,"AQ Velocity","Plus Red",275.8194,7998.7626
2020-09-01,A4419110401,9,"AQ Elite","Standard Grey",271.3471,2442.1239
2020-09-01,A4419110402,37,"AQ Elite","Standard Blue",281.9504,10432.1648
2020-09-01,A4419110403,16,"AQ Elite","Standard Red",288.0503,4608.8048
2020-09-01,A4419110404,29,"AQ Elite","Plus Grey",286.8973,8320.0217
2020-09-01,A4419110405,15,"AQ Elite","Plus Blue",291.2071,4368.1065
2020-09-01,A4419110406,9,"AQ Elite","Plus Red",287.5666,2588.0994
2020-09-01,A4419110407,12,"AQ Elite","Premium Black",287.4934,3449.9208
2020-09-01,A4419110408,19,"AQ Elite","Premium Misty Green",297.0277,5643.5263
2020-09-01,A4519110501,31,"AQ Gen X","Standard Grey",311.8396,9667.0276
2020-09-01,A4519110502,40,"AQ Gen X","Standard Blue",300.3378,12013.5120
2020-09-01,A4519110503,21,"AQ Gen X","Standard Red",306.9189,6445.2969
2020-09-01,A4520110504,22,"AQ Gen X","Plus Grey",341.7343,7518.1546
2020-09-01,A4520110505,24,"AQ Gen X","Plus Blue",325.2156,7805.1744
2020-09-01,A4520110506,35,"AQ Gen X","Plus Red",325.2561,11383.9635
2020-09-01,A4520110507,29,"AQ Gen X","Premium Black",322.9426,9365.3354
2020-09-01,A4520110508,28,"AQ Gen X","Premium Misty Green",327.0930,9158.6040
2020-09-01,A4620110601,31,"AQ Gen Y","Standard Grey",347.2474,10764.6694
2020-09-01,A4620110602,10,"AQ Gen Y","Standard Blue",346.6886,3466.8860
2020-09-01,A4620110603,8,"AQ Gen Y","Standard Red",366.0459,2928.3672
2020-09-01,A4620110604,11,"AQ Gen Y","Plus Grey",353.0982,3884.0802
2020-09-01,A4620110605,16,"AQ Gen Y","Plus Blue",349.2525,5588.0400
2020-09-01,A4620110606,33,"AQ Gen Y","Plus Red",348.5375,11501.7375
2020-09-01,A4620110607,20,"AQ Gen Y","Premium Black",347.8030,6956.0600
2020-09-01,A4620110608,27,"AQ Gen Y","Premium Misty Green",363.0630,9802.7010
2020-09-01,A4720110701,10,"AQ GEN Z","Standard Grey",367.7335,3677.3350
2020-09-01,A4720110702,17,"AQ GEN Z","Standard Blue",371.4027,6313.8459
2020-09-01,A4721110703,13,"AQ GEN Z","Standard Red",361.6496,4701.4448
2020-09-01,A4721110704,38,"AQ GEN Z","Plus Grey",380.2153,14448.1814
2020-09-01,A4721110705,11,"AQ GEN Z","Plus Blue",377.4069,4151.4759
2020-09-01,A4918110101,13,"AQ BZ 101","Standard Grey",419.1936,5449.5168
2020-09-01,A4918110102,10,"AQ BZ 101","Standard Blue",451.4881,4514.8810
2020-09-01,A4918110103,28,"AQ BZ 101","Premium Black",428.1451,11988.0628
2020-09-01,A4918110104,15,"AQ BZ 101","Premium Misty Green",460.2805,6904.2075
2020-09-01,A5018110201,17,"AQ BZ Compact","Standard Grey",451.7049,7678.9833
2020-09-01,A5018110202,16,"AQ BZ Compact","Standard Blue",462.5568,7400.9088
2020-09-01,A5018110203,10,"AQ BZ Compact","Standard Red",452.1420,4521.4200
2020-09-01,A5018110204,14,"AQ BZ Compact","Plus Grey",447.7337,6268.2718
2020-09-01,A5018110205,24,"AQ BZ Compact","Plus Blue",486.1763,11668.2312
2020-09-01,A5018110206,27,"AQ BZ Compact","Plus Red",475.5544,12839.9688
2020-09-01,A5018110207,17,"AQ BZ Compact","Premium Black",475.1904,8078.2368
2020-09-01,A5019110208,19,"AQ BZ Compact","Premium Misty Green",467.3047,8878.7893
2020-09-01,A5119110301,10,"AQ BZ Gen Y","Standard Grey",479.0441,4790.4410
2020-09-01,A5119110302,24,"AQ BZ Gen Y","Standard Blue",474.3132,11383.5168
2020-09-01,A5119110303,23,"AQ BZ Gen Y","Standard Red",474.3154,10909.2542
2020-09-01,A5119110305,7,"AQ BZ Gen Y","Plus Blue",483.3813,3383.6691
2020-09-01,A5119110306,26,"AQ BZ Gen Y","Plus Red",486.4857,12648.6282
2020-09-01,A5119110307,27,"AQ BZ Gen Y","Premium Black",516.4580,13944.3660
2020-09-01,A5119110308,9,"AQ BZ Gen Y","Premium Misty Green",512.5811,4613.2299
2020-09-01,A5219110401,27,"AQ BZ Gen Z","Standard Grey",506.9644,13688.0388
2020-09-01,A5219110402,20,"AQ BZ Gen Z","Standard Blue",490.1582,9803.1640
2020-09-01,A5219110403,12,"AQ BZ Gen Z","Standard Red",525.8042,6309.6504
2020-09-01,A5219110405,11,"AQ BZ Gen Z","Plus Blue",521.2603,5733.8633
2020-09-01,A5219110406,18,"AQ BZ Gen Z","Plus Red",550.4597,9908.2746
2020-09-01,A5219110407,22,"AQ BZ Gen Z","Premium Black",545.5931,12003.0482
2020-09-01,A5220110408,12,"AQ BZ Gen Z","Premium Misty Green",533.0397,6396.4764
2020-09-01,A5318110103,6,"AQ Gamer 1","Standard Black",584.9722,3509.8332
2020-09-01,A5318110104,9,"AQ Gamer 1","Plus Firey Red",586.3824,5277.4416
2020-09-01,A5318110105,8,"AQ Gamer 1","Plus Cool Blue",551.3303,4410.6424
2020-09-01,A5318110106,14,"AQ Gamer 1","Plus Black",565.8747,7922.2458
2020-09-01,A5318110107,8,"AQ Gamer 1","Premium Black",571.6489,4573.1912
2020-09-01,A5318110108,17,"AQ Gamer 1","Premium Misty Green",579.6609,9854.2353
2020-09-01,A5419110201,11,"AQ Gamer 2","Standard Firey Red",585.0003,6435.0033
2020-09-01,A5419110202,6,"AQ Gamer 2","Standard Cool Blue",567.9271,3407.5626
2020-09-01,A5419110203,14,"AQ Gamer 2","Standard Black",595.5711,8337.9954
2020-09-01,A5419110204,5,"AQ Gamer 2","Plus Firey Red",602.9200,3014.6000
2020-09-01,A5419110205,7,"AQ Gamer 2","Plus Cool Blue",570.7578,3995.3046
2020-09-01,A5419110206,4,"AQ Gamer 2","Plus Black",601.6398,2406.5592
2020-09-01,A5419110207,5,"AQ Gamer 2","Premium Black",599.2302,2996.1510
2020-09-01,A5419110208,4,"AQ Gamer 2","Premium Misty Green",608.4070,2433.6280
2020-09-01,A5519110301,3,"AQ Gamer 3","Standard Firey Red",589.7411,1769.2233
2020-09-01,A5519110302,13,"AQ Gamer 3","Standard Cool Blue",605.8642,7876.2346
2020-09-01,A5519110303,4,"AQ Gamer 3","Standard Black",604.2721,2417.0884
2020-09-01,A5519110304,6,"AQ Gamer 3","Plus Firey Red",597.7704,3586.6224
2020-09-01,A5520110305,6,"AQ Gamer 3","Plus Cool Blue",632.4885,3794.9310
2020-09-01,A5520110306,14,"AQ Gamer 3","Plus Black",639.6816,8955.5424
2020-09-01,A5520110307,5,"AQ Gamer 3","Premium Black",609.7926,3048.9630
2020-09-01,A5520110308,11,"AQ Gamer 3","Premium Misty Green",590.1159,6491.2749
2020-09-01,A5620110401,8,"AQ Smash 1","Standard Firey Red",642.0698,5136.5584
2020-09-01,A5620110402,8,"AQ Smash 1","Standard Cool Blue",593.8297,4750.6376
2020-09-01,A5621110403,13,"AQ Smash 1","Standard Black",631.1855,8205.4115
2020-09-01,A5621110404,15,"AQ Smash 1","Plus Firey Red",639.9614,9599.4210
2020-09-01,A5621110405,12,"AQ Smash 1","Plus Cool Blue",601.8173,7221.8076
2020-09-01,A5621110406,10,"AQ Smash 1","Plus Black",644.3777,6443.7770
2020-09-01,A5621110407,10,"AQ Smash 1","Premium Black",655.7782,6557.7820
2020-09-01,A5621110408,14,"AQ Smash 1","Premium Misty Green",657.2525,9201.5350
2020-09-01,A5721110501,7,"AQ Smash 2","Standard Firey Red",649.6929,4547.8503
2020-09-01,A5721110502,13,"AQ Smash 2","Standard Cool Blue",627.9938,8163.9194
2020-09-01,A5721110503,7,"AQ Smash 2","Standard Black",678.3035,4748.1245
2020-09-01,A5721110504,15,"AQ Smash 2","Plus Firey Red",655.8348,9837.5220
2020-09-01,A5721110505,6,"AQ Smash 2","Plus Cool Blue",674.4272,4046.5632
2020-09-01,A5721110506,6,"AQ Smash 2","Plus Black",720.5460,4323.2760
2020-09-01,A5820110101,27,"AQ BZ Allin1","Standard 1",681.3022,18395.1594
2020-09-01,A5820110102,28,"AQ BZ Allin1","Standard 2",697.5541,19531.5148
2020-09-01,A5820110103,10,"AQ BZ Allin1","Standard 3",735.1465,7351.4650
2020-09-01,A5820110104,22,"AQ BZ Allin1","Plus 1",690.4971,15190.9362
2020-09-01,A5820110105,19,"AQ BZ Allin1","Plus 2",709.3926,13478.4594
2020-09-01,A5820110106,14,"AQ BZ Allin1","Plus 3",692.5242,9695.3388
2020-09-01,A5820110107,11,"AQ BZ Allin1","Premium 1",737.6775,8114.4525
2020-09-01,A5821110108,18,"AQ BZ Allin1","Premium 2",746.7388,13441.2984
2020-09-01,A6018110101,1,"AQ Home Allin1","Standard 1",800.4577,800.4577
2020-09-01,A6018110102,5,"AQ Home Allin1","Standard 2",764.0542,3820.2710
2020-09-01,A6018110103,6,"AQ Home Allin1","Standard 3",770.9789,4625.8734
2020-09-01,A6018110104,5,"AQ Home Allin1","Plus 1",749.0987,3745.4935
2020-09-01,A6018110105,2,"AQ Home Allin1","Plus 2",766.6472,1533.2944
2020-09-01,A6018110106,6,"AQ Home Allin1","Plus 3",787.5874,4725.5244
2020-09-01,A6019110107,4,"AQ Home Allin1","Premium 1",785.9918,3143.9672
2020-09-01,A6019110108,5,"AQ Home Allin1","Premium 2",796.6606,3983.3030
2020-09-01,A6119110201,2,"AQ HOME Allin1 Gen 2","Standard 1",824.0889,1648.1778
2020-09-01,A6119110202,3,"AQ HOME Allin1 Gen 2","Standard 2",790.1040,2370.3120
2020-09-01,A6119110203,4,"AQ HOME Allin1 Gen 2","Standard 3",769.5635,3078.2540
2020-09-01,A6119110204,2,"AQ HOME Allin1 Gen 2","Plus 1",807.2638,1614.5276
2020-09-01,A6120110205,2,"AQ HOME Allin1 Gen 2","Plus 2",834.9812,1669.9624
2020-09-01,A6120110206,4,"AQ HOME Allin1 Gen 2","Plus 3",810.6034,3242.4136
2020-09-01,A6218160101,139,"AQ Digit SSD",Standard,13.5941,1889.5799
2020-09-01,A6218160102,476,"AQ Digit SSD",Plus,15.2481,7258.0956
2020-09-01,A6219160103,310,"AQ Digit SSD",Premium,16.3003,5053.0930
2020-09-01,A6319160201,316,"AQ Neuer SSD",Standard,17.3590,5485.4440
2020-09-01,A6319160202,730,"AQ Neuer SSD",Plus,18.5733,13558.5090
2020-09-01,A6319160203,911,"AQ Neuer SSD",Premium,19.3433,17621.7463
2020-09-01,A6419160301,799,"AQ Clx1",Standard,17.8043,14225.6357
2020-09-01,A6419160302,204,"AQ Clx1",Plus,19.6723,4013.1492
2020-09-01,A6419160303,1028,"AQ Clx1",Premium,19.3342,19875.5576
2020-09-01,A6519160401,705,"AQ Clx2",Standard,20.2889,14303.6745
2020-09-01,A6520160402,582,"AQ Clx2",Plus,20.1650,11736.0300
2020-09-01,A6520160403,984,"AQ Clx2",Premium,21.2830,20942.4720
2020-09-01,A6620160501,732,"AQ Clx3",Standard,22.8530,16728.3960
2020-09-01,A6720160103,194,"AQ Pen Drive 2 IN 1",Premium,4.4411,861.5734
2020-09-01,A6818160201,1697,"AQ Pen Drive DRC",Standard,2.9990,5089.3030
2020-09-01,A6818160202,855,"AQ Pen Drive DRC",Plus,3.8531,3294.4005
2020-09-01,A6819160203,1556,"AQ Pen Drive DRC",Premium,5.0984,7933.1104
2020-09-01,A7118160101,528,"AQ Wi Power Dx1",Standard,29.6712,15666.3936
2020-09-01,A7119160102,619,"AQ Wi Power Dx1",Plus,29.9264,18524.4416
2020-09-01,A7119160103,480,"AQ Wi Power Dx1",Premium,28.7736,13811.3280
2020-09-01,A7219160201,616,"AQ Wi Power Dx2",Standard,32.9575,20301.8200
2020-09-01,A7220160202,96,"AQ Wi Power Dx2",Plus,35.2053,3379.7088
2020-09-01,A7220160203,350,"AQ Wi Power Dx2",Premium,37.4784,13117.4400
2020-09-01,A7321160301,272,"AQ Wi Power Dx3",Standard,40.7954,11096.3488
2020-09-01,A7321160302,507,"AQ Wi Power Dx3",Plus,43.9446,22279.9122
2020-09-01,A7321160303,190,"AQ Wi Power Dx3",Premium,42.8483,8141.1770
2020-10-01,A0118150101,95,"AQ Dracula HDD – 3.5 Inch SATA 6 Gb/s 5400 RPM 256 MB Cache",Standard,19.0573,1810.4435
2020-10-01,A0118150102,237,"AQ Dracula HDD – 3.5 Inch SATA 6 Gb/s 5400 RPM 256 MB Cache",Plus,21.4565,5085.1905
2020-10-01,A0118150103,102,"AQ Dracula HDD – 3.5 Inch SATA 6 Gb/s 5400 RPM 256 MB Cache",Premium,21.7795,2221.5090
2020-10-01,A0118150104,276,"AQ Dracula HDD – 3.5 Inch SATA 6 Gb/s 5400 RPM 256 MB Cache","Premium Plus",22.9729,6340.5204
2020-10-01,A0219150201,164,"AQ WereWolf NAS Internal Hard Drive HDD – 8.89 cm",Standard,23.6987,3886.5868
2020-10-01,A0219150202,97,"AQ WereWolf NAS Internal Hard Drive HDD – 8.89 cm",Plus,24.7312,2398.9264
2020-10-01,A0220150203,306,"AQ WereWolf NAS Internal Hard Drive HDD – 8.89 cm",Premium,23.6154,7226.3124
2020-10-01,A0320150301,205,"AQ Zion Saga",Standard,23.7223,4863.0715
2020-10-01,A0321150302,135,"AQ Zion Saga",Plus,27.1027,3658.8645
2020-10-01,A0321150303,249,"AQ Zion Saga",Premium,28.0059,6973.4691
2020-10-01,A0418150103,220,"AQ Mforce Gen X","Standard 3",19.5235,4295.1700
2020-10-01,A0418150104,226,"AQ Mforce Gen X","Plus 1",19.9239,4502.8014
2020-10-01,A0418150105,248,"AQ Mforce Gen X","Plus 2",20.0766,4978.9968
2020-10-01,A0418150106,75,"AQ Mforce Gen X","Plus 3",19.9365,1495.2375
2020-10-01,A0519150201,82,"AQ Mforce Gen Y","Standard 1",22.3984,1836.6688
2020-10-01,A0519150202,49,"AQ Mforce Gen Y","Standard 2",24.9298,1221.5602
2020-10-01,A0519150203,193,"AQ Mforce Gen Y","Standard 3",26.5871,5131.3103
2020-10-01,A0519150204,193,"AQ Mforce Gen Y","Plus 1",26.1081,5038.8633
2020-10-01,A0519150205,216,"AQ Mforce Gen Y","Plus 2",29.7008,6415.3728
2020-10-01,A0519150206,136,"AQ Mforce Gen Y","Plus 3",31.2439,4249.1704
2020-10-01,A0519150207,123,"AQ Mforce Gen Y","Premium 1",32.4427,3990.4521
2020-10-01,A0519150208,219,"AQ Mforce Gen Y","Premium 2",30.5816,6697.3704
2020-10-01,A0619150301,45,"AQ Mforce Gen Z","Standard 1",30.4696,1371.1320
2020-10-01,A0619150302,29,"AQ Mforce Gen Z","Standard 2",34.0973,988.8217
2020-10-01,A0620150303,93,"AQ Mforce Gen Z","Standard 3",34.2412,3184.4316
2020-10-01,A0620150304,242,"AQ Mforce Gen Z","Plus 1",37.5826,9094.9892
2020-10-01,A0620150305,231,"AQ Mforce Gen Z","Plus 2",36.5679,8447.1849
2020-10-01,A0620150306,231,"AQ Mforce Gen Z","Plus 3",37.5278,8668.9218
2020-10-01,A0621150307,47,"AQ Mforce Gen Z","Premium 1",36.2434,1703.4398
2020-10-01,A0621150308,235,"AQ Mforce Gen Z","Premium 2",39.3990,9258.7650
2020-10-01,A0721150401,218,"AQ GT 21",Standard,39.3377,8575.6186
2020-10-01,A0721150402,43,"AQ GT 21","Plus 1",39.1465,1683.2995
2020-10-01,A0721150403,184,"AQ GT 21","Plus 2",39.2990,7231.0160
2020-10-01,A0721150404,64,"AQ GT 21",Premium,39.1215,2503.7760
2020-10-01,A0821150501,174,"AQ Marquee P3",Standard,40.5013,7047.2262
2020-10-01,A0821150502,237,"AQ Marquee P3","Plus 1",43.2966,10261.2942
2020-10-01,A0821150503,237,"AQ Marquee P3","Plus 2",42.3841,10045.0317
2020-10-01,A0821150504,249,"AQ Marquee P3",Premium,44.7044,11131.3956
2020-10-01,A0921150601,217,"AQ Marquee P4",Standard,45.0813,9782.6421
2020-10-01,A1018150101,132,"AQ 5000 Series Electron 9 5900X Desktop Processor",Standard,111.1036,14665.6752
2020-10-01,A1018150102,226,"AQ 5000 Series Electron 9 5900X Desktop Processor",Plus,123.4797,27906.4122
2020-10-01,A1018150103,196,"AQ 5000 Series Electron 9 5900X Desktop Processor",Premium,123.9315,24290.5740
2020-10-01,A1118150201,138,"AQ 5000 Series Electron 8 5900X Desktop Processor",Standard,124.2640,17148.4320
2020-10-01,A1118150202,108,"AQ 5000 Series Electron 8 5900X Desktop Processor",Plus,129.5836,13995.0288
2020-10-01,A1119150203,220,"AQ 5000 Series Electron 8 5900X Desktop Processor",Premium,139.8962,30777.1640
2020-10-01,A1219150301,97,"AQ 5000 Series Ultron 8 5900X Desktop Processor",Standard,135.6822,13161.1734
2020-10-01,A1219150302,258,"AQ 5000 Series Ultron 8 5900X Desktop Processor",Plus,145.1474,37448.0292
2020-10-01,A1219150303,83,"AQ 5000 Series Ultron 8 5900X Desktop Processor",Premium,142.9402,11864.0366
2020-10-01,A1319150401,132,"AQ Electron 5 3600 Desktop Processor",Standard,149.1034,19681.6488
2020-10-01,A1320150402,55,"AQ Electron 5 3600 Desktop Processor",Plus,150.2450,8263.4750
2020-10-01,A1320150403,136,"AQ Electron 5 3600 Desktop Processor",Premium,160.6912,21854.0032
2020-10-01,A1420150501,97,"AQ Electron 4 3600 Desktop Processor",Standard,160.5082,15569.2954
2020-10-01,A1420150502,41,"AQ Electron 4 3600 Desktop Processor",Plus,169.4999,6949.4959
2020-10-01,A1421150503,136,"AQ Electron 4 3600 Desktop Processor",Premium,176.4389,23995.6904
2020-10-01,A1521150601,99,"AQ Electron 3 3600 Desktop Processor",Standard,186.2917,18442.8783
2020-10-01,A1521150602,251,"AQ Electron 3 3600 Desktop Processor",Plus,185.4599,46550.4349
2020-10-01,A1618150101,104,"AQ MB Elite",Standard,19.6485,2043.4440
2020-10-01,A1618150102,146,"AQ MB Elite","Plus 1",20.4629,2987.5834
2020-10-01,A1618150103,137,"AQ MB Elite","Plus 2",21.2017,2904.6329
2020-10-01,A1618150104,94,"AQ MB Elite",Premium,21.4489,2016.1966
2020-10-01,A1718150201,158,"AQ MB Crossx",Standard,21.8879,3458.2882
2020-10-01,A1718150202,25,"AQ MB Crossx","Plus 1",22.8957,572.3925
2020-10-01,A1718150203,76,"AQ MB Crossx","Plus 2",27.3445,2078.1820
2020-10-01,A1718150204,66,"AQ MB Crossx",Premium,28.3991,1874.3406
2020-10-01,A1819150301,46,"AQ MB Crossx 2",Standard,28.8615,1327.6290
2020-10-01,A1819150302,127,"AQ MB Crossx 2","Plus 1",31.9525,4057.9675
2020-10-01,A1819150303,153,"AQ MB Crossx 2","Plus 2",32.1924,4925.4372
2020-10-01,A1819150304,167,"AQ MB Crossx 2",Premium,32.2612,5387.6204
2020-10-01,A1919150401,108,"AQ MB Lito",Standard,33.7609,3646.1772
2020-10-01,A1919150402,88,"AQ MB Lito","Plus 1",35.0256,3082.2528
2020-10-01,A1919150403,79,"AQ MB Lito","Plus 2",35.8350,2830.9650
2020-10-01,A1920150404,117,"AQ MB Lito",Premium,38.9780,4560.4260
2020-10-01,A2020150501,26,"AQ MB Lito 2",Standard,41.3696,1075.6096
2020-10-01,A2020150502,168,"AQ MB Lito 2","Plus 1",39.3932,6618.0576
2020-10-01,A2021150503,179,"AQ MB Lito 2","Plus 2",45.4377,8133.3483
2020-10-01,A2118150101,1036,"AQ Master wired x1 Ms","Standard 1",2.9434,3049.3624
2020-10-01,A2118150102,1111,"AQ Master wired x1 Ms","Standard 2",3.9998,4443.7778
2020-10-01,A2118150103,352,"AQ Master wired x1 Ms","Plus 1",4.5295,1594.3840
2020-10-01,A2118150104,979,"AQ Master wired x1 Ms","Plus 2",5.0459,4939.9361
2020-10-01,A2118150105,600,"AQ Master wired x1 Ms","Premium 1",4.6904,2814.2400
2020-10-01,A2118150106,860,"AQ Master wired x1 Ms","Premium 2",5.2542,4518.6120
2020-10-01,A2218150201,368,"AQ Master wireless x1 Ms","Standard 1",5.4383,2001.2944
2020-10-01,A2218150202,584,"AQ Master wireless x1 Ms","Standard 2",6.4054,3740.7536
2020-10-01,A2219150203,817,"AQ Master wireless x1 Ms","Plus 1",6.7301,5498.4917
2020-10-01,A2219150204,979,"AQ Master wireless x1 Ms","Plus 2",7.3526,7198.1954
2020-10-01,A2219150205,992,"AQ Master wireless x1 Ms","Premium 1",7.9813,7917.4496
2020-10-01,A2219150206,308,"AQ Master wireless x1 Ms","Premium 2",8.3193,2562.3444
2020-10-01,A2319150301,297,"AQ Gamers Ms","Standard 1",8.8044,2614.9068
2020-10-01,A2319150302,1333,"AQ Gamers Ms","Standard 2",8.9901,11983.8033
2020-10-01,A2319150303,906,"AQ Gamers Ms","Plus 1",9.3977,8514.3162
2020-10-01,A2319150304,1179,"AQ Gamers Ms","Plus 2",10.4573,12329.1567
2020-10-01,A2319150305,571,"AQ Gamers Ms","Premium 1",10.4370,5959.5270
2020-10-01,A2319150306,787,"AQ Gamers Ms","Premium 2",10.8659,8551.4633
2020-10-01,A2419150401,397,"AQ Lite Ms","Standard 1",11.4829,4558.7113
2020-10-01,A2419150402,273,"AQ Lite Ms","Standard 2",11.2819,3079.9587
2020-10-01,A2419150403,784,"AQ Lite Ms","Plus 1",10.8925,8539.7200
2020-10-01,A2419150404,324,"AQ Lite Ms","Plus 2",11.6332,3769.1568
2020-10-01,A2419150405,708,"AQ Lite Ms","Premium 1",12.7423,9021.5484
2020-10-01,A2420150406,465,"AQ Lite Ms","Premium 2",12.2979,5718.5235
2020-10-01,A2520150501,511,"AQ Maxima Ms","Standard 1",12.0689,6167.2079
2020-10-01,A2520150502,779,"AQ Maxima Ms","Standard 2",14.5267,11316.2993
2020-10-01,A2520150503,833,"AQ Maxima Ms","Plus 1",14.1682,11802.1106
2020-10-01,A2520150504,1133,"AQ Maxima Ms","Plus 2",14.2800,16179.2400
2020-10-01,A2520150505,727,"AQ Maxima Ms","Premium 1",15.1762,11033.0974
2020-10-01,A2520150506,776,"AQ Maxima Ms","Premium 2",14.5677,11304.5352
2020-10-01,A2620150601,160,"AQ Qwerty Ms","Standard 1",14.9013,2384.2080
2020-10-01,A2620150602,1176,"AQ Qwerty Ms","Standard 2",15.8102,18592.7952
2020-10-01,A2620150603,138,"AQ Qwerty Ms","Plus 1",15.9792,2205.1296
2020-10-01,A2620150604,884,"AQ Qwerty Ms","Plus 2",16.5491,14629.4044
2020-10-01,A2620150605,1136,"AQ Qwerty Ms","Premium 1",16.5882,18844.1952
2020-10-01,A2620150606,1071,"AQ Qwerty Ms","Premium 2",16.7850,17976.7350
2020-10-01,A2720150701,1236,"AQ Trigger Ms","Standard 1",17.0917,21125.3412
2020-10-01,A2721150702,276,"AQ Trigger Ms","Standard 2",17.2368,4757.3568
2020-10-01,A2721150703,1090,"AQ Trigger Ms","Plus 1",16.9353,18459.4770
2020-10-01,A2721150704,560,"AQ Trigger Ms","Plus 2",19.5860,10968.1600
2020-10-01,A2721150705,654,"AQ Trigger Ms","Premium 1",19.4042,12690.3468
2020-10-01,A2721150706,241,"AQ Trigger Ms","Premium 2",20.0537,4832.9417
2020-10-01,A2821150801,438,"AQ Lumina Ms","Standard 1",21.7118,9509.7684
2020-10-01,A2918150101,757,"AQ Master wired x1","Standard 1",6.8991,5222.6187
2020-10-01,A2918150102,849,"AQ Master wired x1","Standard 2",7.5979,6450.6171
2020-10-01,A2918150103,247,"AQ Master wired x1","Plus 1",7.7693,1919.0171
2020-10-01,A2918150104,622,"AQ Master wired x1","Plus 2",8.9514,5567.7708
2020-10-01,A2918150105,664,"AQ Master wired x1","Premium 1",9.4650,6284.7600
2020-10-01,A2918150106,680,"AQ Master wired x1","Premium 2",10.4188,7084.7840
2020-10-01,A3018150201,650,"AQ Master wireless x1","Standard 1",10.7955,7017.0750
2020-10-01,A3018150202,627,"AQ Master wireless x1","Standard 2",11.0524,6929.8548
2020-10-01,A3018150203,856,"AQ Master wireless x1","Plus 1",12.3739,10592.0584
2020-10-01,A3019150204,888,"AQ Master wireless x1","Plus 2",11.6011,10301.7768
2020-10-01,A3019150205,696,"AQ Master wireless x1","Premium 1",12.0509,8387.4264
2020-10-01,A3019150206,288,"AQ Master wireless x1","Premium 2",13.0018,3744.5184
2020-10-01,A3119150301,1085,"AQ Gamers ","Standard 1",13.5061,14654.1185
2020-10-01,A3119150302,796,"AQ Gamers ","Standard 2",15.3071,12184.4516
2020-10-01,A3119150303,698,"AQ Gamers ","Plus 1",16.2407,11336.0086
2020-10-01,A3120150304,583,"AQ Gamers ","Plus 2",16.3792,9549.0736
2020-10-01,A3120150305,888,"AQ Gamers ","Premium 1",16.3218,14493.7584
2020-10-01,A3120150306,746,"AQ Gamers ","Premium 2",19.3003,14398.0238
2020-10-01,A3220150401,851,"AQ Lite","Standard 1",18.4943,15738.6493
2020-10-01,A3220150402,947,"AQ Lite","Standard 2",18.7947,17798.5809
2020-10-01,A3220150403,654,"AQ Lite","Plus 1",18.5844,12154.1976
2020-10-01,A3220150404,554,"AQ Lite","Plus 2",18.4219,10205.7326
2020-10-01,A3220150405,1089,"AQ Lite","Premium 1",18.9415,20627.2935
2020-10-01,A3220150406,760,"AQ Lite","Premium 2",20.0066,15205.0160
2020-10-01,A3320150501,279,"AQ Maxima","Standard 1",20.3908,5689.0332
2020-10-01,A3320150502,567,"AQ Maxima","Standard 2",21.6988,12303.2196
2020-10-01,A3320150503,197,"AQ Maxima","Plus 1",20.8733,4112.0401
2020-10-01,A3320150504,522,"AQ Maxima","Plus 2",22.1341,11554.0002
2020-10-01,A3320150505,561,"AQ Maxima","Premium 1",23.0844,12950.3484
2020-10-01,A3320150506,988,"AQ Maxima","Premium 2",23.7678,23482.5864
2020-10-01,A3420150601,371,"AQ Qwerty","Standard 1",24.5690,9115.0990
2020-10-01,A3420150602,908,"AQ Qwerty","Standard 2",23.9726,21767.1208
2020-10-01,A3421150603,272,"AQ Qwerty","Plus 1",26.9507,7330.5904
2020-10-01,A3421150604,700,"AQ Qwerty","Plus 2",27.4152,19190.6400
2020-10-01,A3421150605,963,"AQ Qwerty","Premium 1",29.8692,28764.0396
2020-10-01,A3421150606,773,"AQ Qwerty","Premium 2",29.6709,22935.6057
2020-10-01,A3521150701,183,"AQ Trigger","Standard 1",29.3872,5377.8576
2020-10-01,A3521150702,888,"AQ Trigger","Standard 2",30.3414,26943.1632
2020-10-01,A3521150703,819,"AQ Trigger","Plus 1",31.7665,26016.7635
2020-10-01,A3521150704,718,"AQ Trigger","Plus 2",33.6246,24142.4628
2020-10-01,A3521150705,165,"AQ Trigger","Premium 1",34.5114,5694.3810
2020-10-01,A3718150101,42,"AQ LION x1",Standard,16.5127,693.5334
2020-10-01,A3718150102,38,"AQ LION x1","Plus 1 ",16.1015,611.8570
2020-10-01,A3718150103,102,"AQ LION x1","Plus 2",17.5697,1792.1094
2020-10-01,A3718150105,54,"AQ LION x1",Premium,18.0312,973.6848
2020-10-01,A3818150201,67,"AQ LION x2",Standard,17.2648,1156.7416
2020-10-01,A3818150202,19,"AQ LION x2","Plus 1 ",17.5197,332.8743
2020-10-01,A3819150203,96,"AQ LION x2","Plus 2",18.4533,1771.5168
2020-10-01,A3819150204,51,"AQ LION x2","Plus 3",21.1942,1080.9042
2020-10-01,A3819150205,48,"AQ LION x2",Premium,21.6066,1037.1168
2020-10-01,A3920150301,94,"AQ LION x3",Standard,22.1454,2081.6676
2020-10-01,A3920150302,104,"AQ LION x3","Plus 1 ",23.1520,2407.8080
2020-10-01,A3920150303,84,"AQ LION x3","Plus 2",25.4670,2139.2280
2020-10-01,A3920150304,26,"AQ LION x3","Plus 3",25.0442,651.1492
2020-10-01,A3920150305,108,"AQ LION x3",Premium,27.4546,2965.0968
2020-10-01,A4020150401,32,"AQ Mx NB",Standard,26.9302,861.7664
2020-10-01,A4020150402,30,"AQ Mx NB","Plus 1 ",28.4500,853.5000
2020-10-01,A4021150403,62,"AQ Mx NB","Plus 2",29.9423,1856.4226
2020-10-01,A4021150404,82,"AQ Mx NB","Plus 3",28.5800,2343.5600
2020-10-01,A4021150405,94,"AQ Mx NB",Premium,31.7029,2980.0726
2020-10-01,A4118110105,38,"AQ Aspiron","Plus Blue",182.8932,6949.9416
2020-10-01,A4118110106,48,"AQ Aspiron","Plus Red",187.7533,9012.1584
2020-10-01,A4118110107,44,"AQ Aspiron","Premium Black",195.7721,8613.9724
2020-10-01,A4218110201,48,"AQ Digit","Standard Grey",200.2732,9613.1136
2020-10-01,A4218110202,48,"AQ Digit","Standard Blue",215.9341,10364.8368
2020-10-01,A4218110203,50,"AQ Digit","Standard Red",236.8486,11842.4300
2020-10-01,A4218110204,28,"AQ Digit","Plus Grey",232.1038,6498.9064
2020-10-01,A4218110205,44,"AQ Digit","Plus Blue",240.1403,10566.1732
2020-10-01,A4218110206,19,"AQ Digit","Plus Red",237.0183,4503.3477
2020-10-01,A4218110207,37,"AQ Digit","Premium Black",249.1303,9217.8211
2020-10-01,A4218110208,35,"AQ Digit","Premium Misty Green",243.0414,8506.4490
2020-10-01,A4318110301,45,"AQ Velocity","Standard Grey",264.7000,11911.5000
2020-10-01,A4319110302,24,"AQ Velocity","Standard Blue",267.2091,6413.0184
2020-10-01,A4319110303,14,"AQ Velocity","Standard Red",261.2305,3657.2270
2020-10-01,A4319110304,44,"AQ Velocity","Plus Grey",267.0636,11750.7984
2020-10-01,A4319110305,36,"AQ Velocity","Plus Blue",277.8079,10001.0844
2020-10-01,A4319110306,38,"AQ Velocity","Plus Red",275.8194,10481.1372
2020-10-01,A4419110401,30,"AQ Elite","Standard Grey",271.3471,8140.4130
2020-10-01,A4419110402,12,"AQ Elite","Standard Blue",281.9504,3383.4048
2020-10-01,A4419110403,11,"AQ Elite","Standard Red",288.0503,3168.5533
2020-10-01,A4419110404,40,"AQ Elite","Plus Grey",286.8973,11475.8920
2020-10-01,A4419110405,38,"AQ Elite","Plus Blue",291.2071,11065.8698
2020-10-01,A4419110406,10,"AQ Elite","Plus Red",287.5666,2875.6660
2020-10-01,A4419110407,21,"AQ Elite","Premium Black",287.4934,6037.3614
2020-10-01,A4419110408,24,"AQ Elite","Premium Misty Green",297.0277,7128.6648
2020-10-01,A4519110501,9,"AQ Gen X","Standard Grey",311.8396,2806.5564
2020-10-01,A4519110502,36,"AQ Gen X","Standard Blue",300.3378,10812.1608
2020-10-01,A4519110503,42,"AQ Gen X","Standard Red",306.9189,12890.5938
2020-10-01,A4520110504,35,"AQ Gen X","Plus Grey",341.7343,11960.7005
2020-10-01,A4520110505,26,"AQ Gen X","Plus Blue",325.2156,8455.6056
2020-10-01,A4520110506,24,"AQ Gen X","Plus Red",325.2561,7806.1464
2020-10-01,A4520110507,15,"AQ Gen X","Premium Black",322.9426,4844.1390
2020-10-01,A4520110508,43,"AQ Gen X","Premium Misty Green",327.0930,14064.9990
2020-10-01,A4620110601,21,"AQ Gen Y","Standard Grey",347.2474,7292.1954
2020-10-01,A4620110602,31,"AQ Gen Y","Standard Blue",346.6886,10747.3466
2020-10-01,A4620110603,14,"AQ Gen Y","Standard Red",366.0459,5124.6426
2020-10-01,A4620110604,37,"AQ Gen Y","Plus Grey",353.0982,13064.6334
2020-10-01,A4620110605,14,"AQ Gen Y","Plus Blue",349.2525,4889.5350
2020-10-01,A4620110606,35,"AQ Gen Y","Plus Red",348.5375,12198.8125
2020-10-01,A4620110607,31,"AQ Gen Y","Premium Black",347.8030,10781.8930
2020-10-01,A4620110608,11,"AQ Gen Y","Premium Misty Green",363.0630,3993.6930
2020-10-01,A4720110701,35,"AQ GEN Z","Standard Grey",367.7335,12870.6725
2020-10-01,A4720110702,18,"AQ GEN Z","Standard Blue",371.4027,6685.2486
2020-10-01,A4721110703,34,"AQ GEN Z","Standard Red",361.6496,12296.0864
2020-10-01,A4721110704,44,"AQ GEN Z","Plus Grey",380.2153,16729.4732
2020-10-01,A4721110705,36,"AQ GEN Z","Plus Blue",377.4069,13586.6484
2020-10-01,A4918110101,18,"AQ BZ 101","Standard Grey",419.1936,7545.4848
2020-10-01,A4918110102,29,"AQ BZ 101","Standard Blue",451.4881,13093.1549
2020-10-01,A4918110103,15,"AQ BZ 101","Premium Black",428.1451,6422.1765
2020-10-01,A4918110104,33,"AQ BZ 101","Premium Misty Green",460.2805,15189.2565
2020-10-01,A5018110201,16,"AQ BZ Compact","Standard Grey",451.7049,7227.2784
2020-10-01,A5018110202,11,"AQ BZ Compact","Standard Blue",462.5568,5088.1248
2020-10-01,A5018110203,37,"AQ BZ Compact","Standard Red",452.1420,16729.2540
2020-10-01,A5018110204,14,"AQ BZ Compact","Plus Grey",447.7337,6268.2718
2020-10-01,A5018110205,32,"AQ BZ Compact","Plus Blue",486.1763,15557.6416
2020-10-01,A5018110206,9,"AQ BZ Compact","Plus Red",475.5544,4279.9896
2020-10-01,A5018110207,32,"AQ BZ Compact","Premium Black",475.1904,15206.0928
2020-10-01,A5019110208,36,"AQ BZ Compact","Premium Misty Green",467.3047,16822.9692
2020-10-01,A5119110301,11,"AQ BZ Gen Y","Standard Grey",479.0441,5269.4851
2020-10-01,A5119110302,22,"AQ BZ Gen Y","Standard Blue",474.3132,10434.8904
2020-10-01,A5119110303,11,"AQ BZ Gen Y","Standard Red",474.3154,5217.4694
2020-10-01,A5119110305,36,"AQ BZ Gen Y","Plus Blue",483.3813,17401.7268
2020-10-01,A5119110306,26,"AQ BZ Gen Y","Plus Red",486.4857,12648.6282
2020-10-01,A5119110307,27,"AQ BZ Gen Y","Premium Black",516.4580,13944.3660
2020-10-01,A5119110308,7,"AQ BZ Gen Y","Premium Misty Green",512.5811,3588.0677
2020-10-01,A5219110401,30,"AQ BZ Gen Z","Standard Grey",506.9644,15208.9320
2020-10-01,A5219110402,34,"AQ BZ Gen Z","Standard Blue",490.1582,16665.3788
2020-10-01,A5219110403,16,"AQ BZ Gen Z","Standard Red",525.8042,8412.8672
2020-10-01,A5219110405,37,"AQ BZ Gen Z","Plus Blue",521.2603,19286.6311
2020-10-01,A5219110406,9,"AQ BZ Gen Z","Plus Red",550.4597,4954.1373
2020-10-01,A5219110407,25,"AQ BZ Gen Z","Premium Black",545.5931,13639.8275
2020-10-01,A5220110408,36,"AQ BZ Gen Z","Premium Misty Green",533.0397,19189.4292
2020-10-01,A5318110103,16,"AQ Gamer 1","Standard Black",584.9722,9359.5552
2020-10-01,A5318110104,21,"AQ Gamer 1","Plus Firey Red",586.3824,12314.0304
2020-10-01,A5318110105,7,"AQ Gamer 1","Plus Cool Blue",551.3303,3859.3121
2020-10-01,A5318110106,13,"AQ Gamer 1","Plus Black",565.8747,7356.3711
2020-10-01,A5318110107,16,"AQ Gamer 1","Premium Black",571.6489,9146.3824
2020-10-01,A5318110108,6,"AQ Gamer 1","Premium Misty Green",579.6609,3477.9654
2020-10-01,A5419110201,9,"AQ Gamer 2","Standard Firey Red",585.0003,5265.0027
2020-10-01,A5419110202,16,"AQ Gamer 2","Standard Cool Blue",567.9271,9086.8336
2020-10-01,A5419110203,6,"AQ Gamer 2","Standard Black",595.5711,3573.4266
2020-10-01,A5419110204,8,"AQ Gamer 2","Plus Firey Red",602.9200,4823.3600
2020-10-01,A5419110205,9,"AQ Gamer 2","Plus Cool Blue",570.7578,5136.8202
2020-10-01,A5419110206,14,"AQ Gamer 2","Plus Black",601.6398,8422.9572
2020-10-01,A5419110207,14,"AQ Gamer 2","Premium Black",599.2302,8389.2228
2020-10-01,A5419110208,5,"AQ Gamer 2","Premium Misty Green",608.4070,3042.0350
2020-10-01,A5519110301,6,"AQ Gamer 3","Standard Firey Red",589.7411,3538.4466
2020-10-01,A5519110302,15,"AQ Gamer 3","Standard Cool Blue",605.8642,9087.9630
2020-10-01,A5519110303,6,"AQ Gamer 3","Standard Black",604.2721,3625.6326
2020-10-01,A5519110304,19,"AQ Gamer 3","Plus Firey Red",597.7704,11357.6376
2020-10-01,A5520110305,5,"AQ Gamer 3","Plus Cool Blue",632.4885,3162.4425
2020-10-01,A5520110306,15,"AQ Gamer 3","Plus Black",639.6816,9595.2240
2020-10-01,A5520110307,17,"AQ Gamer 3","Premium Black",609.7926,10366.4742
2020-10-01,A5520110308,19,"AQ Gamer 3","Premium Misty Green",590.1159,11212.2021
2020-10-01,A5620110401,13,"AQ Smash 1","Standard Firey Red",642.0698,8346.9074
2020-10-01,A5620110402,16,"AQ Smash 1","Standard Cool Blue",593.8297,9501.2752
2020-10-01,A5621110403,5,"AQ Smash 1","Standard Black",631.1855,3155.9275
2020-10-01,A5621110404,19,"AQ Smash 1","Plus Firey Red",639.9614,12159.2666
2020-10-01,A5621110405,22,"AQ Smash 1","Plus Cool Blue",601.8173,13239.9806
2020-10-01,A5621110406,11,"AQ Smash 1","Plus Black",644.3777,7088.1547
2020-10-01,A5621110407,13,"AQ Smash 1","Premium Black",655.7782,8525.1166
2020-10-01,A5621110408,13,"AQ Smash 1","Premium Misty Green",657.2525,8544.2825
2020-10-01,A5721110501,21,"AQ Smash 2","Standard Firey Red",649.6929,13643.5509
2020-10-01,A5721110502,20,"AQ Smash 2","Standard Cool Blue",627.9938,12559.8760
2020-10-01,A5721110503,17,"AQ Smash 2","Standard Black",678.3035,11531.1595
2020-10-01,A5721110504,15,"AQ Smash 2","Plus Firey Red",655.8348,9837.5220
2020-10-01,A5721110505,18,"AQ Smash 2","Plus Cool Blue",674.4272,12139.6896
2020-10-01,A5721110506,16,"AQ Smash 2","Plus Black",720.5460,11528.7360
2020-10-01,A5820110101,22,"AQ BZ Allin1","Standard 1",681.3022,14988.6484
2020-10-01,A5820110102,11,"AQ BZ Allin1","Standard 2",697.5541,7673.0951
2020-10-01,A5820110103,17,"AQ BZ Allin1","Standard 3",735.1465,12497.4905
2020-10-01,A5820110104,7,"AQ BZ Allin1","Plus 1",690.4971,4833.4797
2020-10-01,A5820110105,29,"AQ BZ Allin1","Plus 2",709.3926,20572.3854
2020-10-01,A5820110106,25,"AQ BZ Allin1","Plus 3",692.5242,17313.1050
2020-10-01,A5820110107,34,"AQ BZ Allin1","Premium 1",737.6775,25081.0350
2020-10-01,A5821110108,32,"AQ BZ Allin1","Premium 2",746.7388,23895.6416
2020-10-01,A6018110101,2,"AQ Home Allin1","Standard 1",800.4577,1600.9154
2020-10-01,A6018110102,6,"AQ Home Allin1","Standard 2",764.0542,4584.3252
2020-10-01,A6018110103,2,"AQ Home Allin1","Standard 3",770.9789,1541.9578
2020-10-01,A6018110104,7,"AQ Home Allin1","Plus 1",749.0987,5243.6909
2020-10-01,A6018110105,6,"AQ Home Allin1","Plus 2",766.6472,4599.8832
2020-10-01,A6018110106,7,"AQ Home Allin1","Plus 3",787.5874,5513.1118
2020-10-01,A6019110107,3,"AQ Home Allin1","Premium 1",785.9918,2357.9754
2020-10-01,A6019110108,2,"AQ Home Allin1","Premium 2",796.6606,1593.3212
2020-10-01,A6119110201,3,"AQ HOME Allin1 Gen 2","Standard 1",824.0889,2472.2667
2020-10-01,A6119110202,7,"AQ HOME Allin1 Gen 2","Standard 2",790.1040,5530.7280
2020-10-01,A6119110203,3,"AQ HOME Allin1 Gen 2","Standard 3",769.5635,2308.6905
2020-10-01,A6119110204,7,"AQ HOME Allin1 Gen 2","Plus 1",807.2638,5650.8466
2020-10-01,A6120110205,7,"AQ HOME Allin1 Gen 2","Plus 2",834.9812,5844.8684
2020-10-01,A6120110206,5,"AQ HOME Allin1 Gen 2","Plus 3",810.6034,4053.0170
2020-10-01,A6218160101,565,"AQ Digit SSD",Standard,13.5941,7680.6665
2020-10-01,A6218160102,1165,"AQ Digit SSD",Plus,15.2481,17764.0365
2020-10-01,A6219160103,938,"AQ Digit SSD",Premium,16.3003,15289.6814
2020-10-01,A6319160201,979,"AQ Neuer SSD",Standard,17.3590,16994.4610
2020-10-01,A6319160202,1330,"AQ Neuer SSD",Plus,18.5733,24702.4890
2020-10-01,A6319160203,462,"AQ Neuer SSD",Premium,19.3433,8936.6046
2020-10-01,A6419160301,360,"AQ Clx1",Standard,17.8043,6409.5480
2020-10-01,A6419160302,1276,"AQ Clx1",Plus,19.6723,25101.8548
2020-10-01,A6419160303,1274,"AQ Clx1",Premium,19.3342,24631.7708
2020-10-01,A6519160401,292,"AQ Clx2",Standard,20.2889,5924.3588
2020-10-01,A6520160402,1030,"AQ Clx2",Plus,20.1650,20769.9500
2020-10-01,A6520160403,581,"AQ Clx2",Premium,21.2830,12365.4230
2020-10-01,A6620160501,387,"AQ Clx3",Standard,22.8530,8844.1110
2020-10-01,A6720160103,2256,"AQ Pen Drive 2 IN 1",Premium,4.4411,10019.1216
2020-10-01,A6818160201,828,"AQ Pen Drive DRC",Standard,2.9990,2483.1720
2020-10-01,A6818160202,2256,"AQ Pen Drive DRC",Plus,3.8531,8692.5936
2020-10-01,A6819160203,1483,"AQ Pen Drive DRC",Premium,5.0984,7560.9272
2020-10-01,A7118160101,507,"AQ Wi Power Dx1",Standard,29.6712,15043.2984
2020-10-01,A7119160102,305,"AQ Wi Power Dx1",Plus,29.9264,9127.5520
2020-10-01,A7119160103,618,"AQ Wi Power Dx1",Premium,28.7736,17782.0848
2020-10-01,A7219160201,768,"AQ Wi Power Dx2",Standard,32.9575,25311.3600
2020-10-01,A7220160202,685,"AQ Wi Power Dx2",Plus,35.2053,24115.6305
2020-10-01,A7220160203,917,"AQ Wi Power Dx2",Premium,37.4784,34367.6928
2020-10-01,A7321160301,479,"AQ Wi Power Dx3",Standard,40.7954,19540.9966
2020-10-01,A7321160302,243,"AQ Wi Power Dx3",Plus,43.9446,10678.5378
2020-10-01,A7321160303,586,"AQ Wi Power Dx3",Premium,42.8483,25109.1038
2020-12-01,A0118150101,113,"AQ Dracula HDD – 3.5 Inch SATA 6 Gb/s 5400 RPM 256 MB Cache",Standard,19.0573,2153.4749
2020-12-01,A0118150102,172,"AQ Dracula HDD – 3.5 Inch SATA 6 Gb/s 5400 RPM 256 MB Cache",Plus,21.4565,3690.5180
2020-12-01,A0118150103,383,"AQ Dracula HDD – 3.5 Inch SATA 6 Gb/s 5400 RPM 256 MB Cache",Premium,21.7795,8341.5485
2020-12-01,A0118150104,199,"AQ Dracula HDD – 3.5 Inch SATA 6 Gb/s 5400 RPM 256 MB Cache","Premium Plus",22.9729,4571.6071
2020-12-01,A0219150201,362,"AQ WereWolf NAS Internal Hard Drive HDD – 8.89 cm",Standard,23.6987,8578.9294
2020-12-01,A0219150202,409,"AQ WereWolf NAS Internal Hard Drive HDD – 8.89 cm",Plus,24.7312,10115.0608
2020-12-01,A0220150203,121,"AQ WereWolf NAS Internal Hard Drive HDD – 8.89 cm",Premium,23.6154,2857.4634
2020-12-01,A0320150301,364,"AQ Zion Saga",Standard,23.7223,8634.9172
2020-12-01,A0321150302,339,"AQ Zion Saga",Plus,27.1027,9187.8153
2020-12-01,A0321150303,275,"AQ Zion Saga",Premium,28.0059,7701.6225
2020-12-01,A0418150103,230,"AQ Mforce Gen X","Standard 3",19.5235,4490.4050
2020-12-01,A0418150104,110,"AQ Mforce Gen X","Plus 1",19.9239,2191.6290
2020-12-01,A0418150105,329,"AQ Mforce Gen X","Plus 2",20.0766,6605.2014
2020-12-01,A0418150106,248,"AQ Mforce Gen X","Plus 3",19.9365,4944.2520
2020-12-01,A0519150201,126,"AQ Mforce Gen Y","Standard 1",22.3984,2822.1984
2020-12-01,A0519150202,174,"AQ Mforce Gen Y","Standard 2",24.9298,4337.7852
2020-12-01,A0519150203,356,"AQ Mforce Gen Y","Standard 3",26.5871,9465.0076
2020-12-01,A0519150204,101,"AQ Mforce Gen Y","Plus 1",26.1081,2636.9181
2020-12-01,A0519150205,178,"AQ Mforce Gen Y","Plus 2",29.7008,5286.7424
2020-12-01,A0519150206,125,"AQ Mforce Gen Y","Plus 3",31.2439,3905.4875
2020-12-01,A0519150207,48,"AQ Mforce Gen Y","Premium 1",32.4427,1557.2496
2020-12-01,A0519150208,184,"AQ Mforce Gen Y","Premium 2",30.5816,5627.0144
2020-12-01,A0619150301,84,"AQ Mforce Gen Z","Standard 1",30.4696,2559.4464
2020-12-01,A0619150302,235,"AQ Mforce Gen Z","Standard 2",34.0973,8012.8655
2020-12-01,A0620150303,325,"AQ Mforce Gen Z","Standard 3",34.2412,11128.3900
2020-12-01,A0620150304,92,"AQ Mforce Gen Z","Plus 1",37.5826,3457.5992
2020-12-01,A0620150305,335,"AQ Mforce Gen Z","Plus 2",36.5679,12250.2465
2020-12-01,A0620150306,332,"AQ Mforce Gen Z","Plus 3",37.5278,12459.2296
2020-12-01,A0621150307,352,"AQ Mforce Gen Z","Premium 1",36.2434,12757.6768
2020-12-01,A0621150308,343,"AQ Mforce Gen Z","Premium 2",39.3990,13513.8570
2020-12-01,A0721150401,287,"AQ GT 21",Standard,39.3377,11289.9199
2020-12-01,A0721150402,198,"AQ GT 21","Plus 1",39.1465,7751.0070
2020-12-01,A0721150403,149,"AQ GT 21","Plus 2",39.2990,5855.5510
2020-12-01,A0721150404,99,"AQ GT 21",Premium,39.1215,3873.0285
2020-12-01,A0821150501,333,"AQ Marquee P3",Standard,40.5013,13486.9329
2020-12-01,A0821150502,80,"AQ Marquee P3","Plus 1",43.2966,3463.7280
2020-12-01,A0821150503,208,"AQ Marquee P3","Plus 2",42.3841,8815.8928
2020-12-01,A0821150504,193,"AQ Marquee P3",Premium,44.7044,8627.9492
2020-12-01,A0921150601,147,"AQ Marquee P4",Standard,45.0813,6626.9511
2020-12-01,A1018150101,281,"AQ 5000 Series Electron 9 5900X Desktop Processor",Standard,111.1036,31220.1116
2020-12-01,A1018150102,166,"AQ 5000 Series Electron 9 5900X Desktop Processor",Plus,123.4797,20497.6302
2020-12-01,A1018150103,350,"AQ 5000 Series Electron 9 5900X Desktop Processor",Premium,123.9315,43376.0250
2020-12-01,A1118150201,264,"AQ 5000 Series Electron 8 5900X Desktop Processor",Standard,124.2640,32805.6960
2020-12-01,A1118150202,46,"AQ 5000 Series Electron 8 5900X Desktop Processor",Plus,129.5836,5960.8456
2020-12-01,A1119150203,108,"AQ 5000 Series Electron 8 5900X Desktop Processor",Premium,139.8962,15108.7896
2020-12-01,A1219150301,50,"AQ 5000 Series Ultron 8 5900X Desktop Processor",Standard,135.6822,6784.1100
2020-12-01,A1219150302,279,"AQ 5000 Series Ultron 8 5900X Desktop Processor",Plus,145.1474,40496.1246
2020-12-01,A1219150303,349,"AQ 5000 Series Ultron 8 5900X Desktop Processor",Premium,142.9402,49886.1298
2020-12-01,A1319150401,353,"AQ Electron 5 3600 Desktop Processor",Standard,149.1034,52633.5002
2020-12-01,A1320150402,262,"AQ Electron 5 3600 Desktop Processor",Plus,150.2450,39364.1900
2020-12-01,A1320150403,79,"AQ Electron 5 3600 Desktop Processor",Premium,160.6912,12694.6048
2020-12-01,A1420150501,41,"AQ Electron 4 3600 Desktop Processor",Standard,160.5082,6580.8362
2020-12-01,A1420150502,174,"AQ Electron 4 3600 Desktop Processor",Plus,169.4999,29492.9826
2020-12-01,A1421150503,88,"AQ Electron 4 3600 Desktop Processor",Premium,176.4389,15526.6232
2020-12-01,A1521150601,297,"AQ Electron 3 3600 Desktop Processor",Standard,186.2917,55328.6349
2020-12-01,A1521150602,210,"AQ Electron 3 3600 Desktop Processor",Plus,185.4599,38946.5790
2020-12-01,A1618150101,167,"AQ MB Elite",Standard,19.6485,3281.2995
2020-12-01,A1618150102,80,"AQ MB Elite","Plus 1",20.4629,1637.0320
2020-12-01,A1618150103,208,"AQ MB Elite","Plus 2",21.2017,4409.9536
2020-12-01,A1618150104,167,"AQ MB Elite",Premium,21.4489,3581.9663
2020-12-01,A1718150201,164,"AQ MB Crossx",Standard,21.8879,3589.6156
2020-12-01,A1718150202,142,"AQ MB Crossx","Plus 1",22.8957,3251.1894
2020-12-01,A1718150203,127,"AQ MB Crossx","Plus 2",27.3445,3472.7515
2020-12-01,A1718150204,191,"AQ MB Crossx",Premium,28.3991,5424.2281
2020-12-01,A1819150301,57,"AQ MB Crossx 2",Standard,28.8615,1645.1055
2020-12-01,A1819150302,53,"AQ MB Crossx 2","Plus 1",31.9525,1693.4825
2020-12-01,A1819150303,126,"AQ MB Crossx 2","Plus 2",32.1924,4056.2424
2020-12-01,A1819150304,102,"AQ MB Crossx 2",Premium,32.2612,3290.6424
2020-12-01,A1919150401,41,"AQ MB Lito",Standard,33.7609,1384.1969
2020-12-01,A1919150402,131,"AQ MB Lito","Plus 1",35.0256,4588.3536
2020-12-01,A1919150403,73,"AQ MB Lito","Plus 2",35.8350,2615.9550
2020-12-01,A1920150404,207,"AQ MB Lito",Premium,38.9780,8068.4460
2020-12-01,A2020150501,34,"AQ MB Lito 2",Standard,41.3696,1406.5664
2020-12-01,A2020150502,148,"AQ MB Lito 2","Plus 1",39.3932,5830.1936
2020-12-01,A2021150503,187,"AQ MB Lito 2","Plus 2",45.4377,8496.8499
2020-12-01,A2118150101,921,"AQ Master wired x1 Ms","Standard 1",2.9434,2710.8714
2020-12-01,A2118150102,1816,"AQ Master wired x1 Ms","Standard 2",3.9998,7263.6368
2020-12-01,A2118150103,1771,"AQ Master wired x1 Ms","Plus 1",4.5295,8021.7445
2020-12-01,A2118150104,584,"AQ Master wired x1 Ms","Plus 2",5.0459,2946.8056
2020-12-01,A2118150105,1123,"AQ Master wired x1 Ms","Premium 1",4.6904,5267.3192
2020-12-01,A2118150106,749,"AQ Master wired x1 Ms","Premium 2",5.2542,3935.3958
2020-12-01,A2218150201,1827,"AQ Master wireless x1 Ms","Standard 1",5.4383,9935.7741
2020-12-01,A2218150202,640,"AQ Master wireless x1 Ms","Standard 2",6.4054,4099.4560
2020-12-01,A2219150203,1333,"AQ Master wireless x1 Ms","Plus 1",6.7301,8971.2233
2020-12-01,A2219150204,1842,"AQ Master wireless x1 Ms","Plus 2",7.3526,13543.4892
2020-12-01,A2219150205,1595,"AQ Master wireless x1 Ms","Premium 1",7.9813,12730.1735
2020-12-01,A2219150206,401,"AQ Master wireless x1 Ms","Premium 2",8.3193,3336.0393
2020-12-01,A2319150301,1587,"AQ Gamers Ms","Standard 1",8.8044,13972.5828
2020-12-01,A2319150302,1250,"AQ Gamers Ms","Standard 2",8.9901,11237.6250
2020-12-01,A2319150303,341,"AQ Gamers Ms","Plus 1",9.3977,3204.6157
2020-12-01,A2319150304,1430,"AQ Gamers Ms","Plus 2",10.4573,14953.9390
2020-12-01,A2319150305,1209,"AQ Gamers Ms","Premium 1",10.4370,12618.3330
2020-12-01,A2319150306,389,"AQ Gamers Ms","Premium 2",10.8659,4226.8351
2020-12-01,A2419150401,513,"AQ Lite Ms","Standard 1",11.4829,5890.7277
2020-12-01,A2419150402,1483,"AQ Lite Ms","Standard 2",11.2819,16731.0577
2020-12-01,A2419150403,711,"AQ Lite Ms","Plus 1",10.8925,7744.5675
2020-12-01,A2419150404,1183,"AQ Lite Ms","Plus 2",11.6332,13762.0756
2020-12-01,A2419150405,846,"AQ Lite Ms","Premium 1",12.7423,10779.9858
2020-12-01,A2420150406,1179,"AQ Lite Ms","Premium 2",12.2979,14499.2241
2020-12-01,A2520150501,1363,"AQ Maxima Ms","Standard 1",12.0689,16449.9107
2020-12-01,A2520150502,1760,"AQ Maxima Ms","Standard 2",14.5267,25566.9920
2020-12-01,A2520150503,1194,"AQ Maxima Ms","Plus 1",14.1682,16916.8308
2020-12-01,A2520150504,1587,"AQ Maxima Ms","Plus 2",14.2800,22662.3600
2020-12-01,A2520150505,1692,"AQ Maxima Ms","Premium 1",15.1762,25678.1304
2020-12-01,A2520150506,1101,"AQ Maxima Ms","Premium 2",14.5677,16039.0377
2020-12-01,A2620150601,513,"AQ Qwerty Ms","Standard 1",14.9013,7644.3669
2020-12-01,A2620150602,1584,"AQ Qwerty Ms","Standard 2",15.8102,25043.3568
2020-12-01,A2620150603,1269,"AQ Qwerty Ms","Plus 1",15.9792,20277.6048
2020-12-01,A2620150604,726,"AQ Qwerty Ms","Plus 2",16.5491,12014.6466
2020-12-01,A2620150605,318,"AQ Qwerty Ms","Premium 1",16.5882,5275.0476
2020-12-01,A2620150606,651,"AQ Qwerty Ms","Premium 2",16.7850,10927.0350
2020-12-01,A2720150701,565,"AQ Trigger Ms","Standard 1",17.0917,9656.8105
2020-12-01,A2721150702,1501,"AQ Trigger Ms","Standard 2",17.2368,25872.4368
2020-12-01,A2721150703,970,"AQ Trigger Ms","Plus 1",16.9353,16427.2410
2020-12-01,A2721150704,977,"AQ Trigger Ms","Plus 2",19.5860,19135.5220
2020-12-01,A2721150705,464,"AQ Trigger Ms","Premium 1",19.4042,9003.5488
2020-12-01,A2721150706,573,"AQ Trigger Ms","Premium 2",20.0537,11490.7701
2020-12-01,A2821150801,1142,"AQ Lumina Ms","Standard 1",21.7118,24794.8756
2020-12-01,A2918150101,1568,"AQ Master wired x1","Standard 1",6.8991,10817.7888
2020-12-01,A2918150102,748,"AQ Master wired x1","Standard 2",7.5979,5683.2292
2020-12-01,A2918150103,706,"AQ Master wired x1","Plus 1",7.7693,5485.1258
2020-12-01,A2918150104,1071,"AQ Master wired x1","Plus 2",8.9514,9586.9494
2020-12-01,A2918150105,1315,"AQ Master wired x1","Premium 1",9.4650,12446.4750
2020-12-01,A2918150106,627,"AQ Master wired x1","Premium 2",10.4188,6532.5876
2020-12-01,A3018150201,1543,"AQ Master wireless x1","Standard 1",10.7955,16657.4565
2020-12-01,A3018150202,1498,"AQ Master wireless x1","Standard 2",11.0524,16556.4952
2020-12-01,A3018150203,431,"AQ Master wireless x1","Plus 1",12.3739,5333.1509
2020-12-01,A3019150204,1324,"AQ Master wireless x1","Plus 2",11.6011,15359.8564
2020-12-01,A3019150205,1236,"AQ Master wireless x1","Premium 1",12.0509,14894.9124
2020-12-01,A3019150206,348,"AQ Master wireless x1","Premium 2",13.0018,4524.6264
2020-12-01,A3119150301,247,"AQ Gamers ","Standard 1",13.5061,3336.0067
2020-12-01,A3119150302,507,"AQ Gamers ","Standard 2",15.3071,7760.6997
2020-12-01,A3119150303,317,"AQ Gamers ","Plus 1",16.2407,5148.3019
2020-12-01,A3120150304,1384,"AQ Gamers ","Plus 2",16.3792,22668.8128
2020-12-01,A3120150305,681,"AQ Gamers ","Premium 1",16.3218,11115.1458
2020-12-01,A3120150306,744,"AQ Gamers ","Premium 2",19.3003,14359.4232
2020-12-01,A3220150401,1118,"AQ Lite","Standard 1",18.4943,20676.6274
2020-12-01,A3220150402,577,"AQ Lite","Standard 2",18.7947,10844.5419
2020-12-01,A3220150403,596,"AQ Lite","Plus 1",18.5844,11076.3024
2020-12-01,A3220150404,950,"AQ Lite","Plus 2",18.4219,17500.8050
2020-12-01,A3220150405,1147,"AQ Lite","Premium 1",18.9415,21725.9005
2020-12-01,A3220150406,1020,"AQ Lite","Premium 2",20.0066,20406.7320
2020-12-01,A3320150501,228,"AQ Maxima","Standard 1",20.3908,4649.1024
2020-12-01,A3320150502,1191,"AQ Maxima","Standard 2",21.6988,25843.2708
2020-12-01,A3320150503,377,"AQ Maxima","Plus 1",20.8733,7869.2341
2020-12-01,A3320150504,539,"AQ Maxima","Plus 2",22.1341,11930.2799
2020-12-01,A3320150505,247,"AQ Maxima","Premium 1",23.0844,5701.8468
2020-12-01,A3320150506,1198,"AQ Maxima","Premium 2",23.7678,28473.8244
2020-12-01,A3420150601,310,"AQ Qwerty","Standard 1",24.5690,7616.3900
2020-12-01,A3420150602,336,"AQ Qwerty","Standard 2",23.9726,8054.7936
2020-12-01,A3421150603,523,"AQ Qwerty","Plus 1",26.9507,14095.2161
2020-12-01,A3421150604,1350,"AQ Qwerty","Plus 2",27.4152,37010.5200
2020-12-01,A3421150605,1128,"AQ Qwerty","Premium 1",29.8692,33692.4576
2020-12-01,A3421150606,744,"AQ Qwerty","Premium 2",29.6709,22075.1496
2020-12-01,A3521150701,1188,"AQ Trigger","Standard 1",29.3872,34911.9936
2020-12-01,A3521150702,1049,"AQ Trigger","Standard 2",30.3414,31828.1286
2020-12-01,A3521150703,827,"AQ Trigger","Plus 1",31.7665,26270.8955
2020-12-01,A3521150704,304,"AQ Trigger","Plus 2",33.6246,10221.8784
2020-12-01,A3521150705,897,"AQ Trigger","Premium 1",34.5114,30956.7258
2020-12-01,A3718150101,114,"AQ LION x1",Standard,16.5127,1882.4478
2020-12-01,A3718150102,149,"AQ LION x1","Plus 1 ",16.1015,2399.1235
2020-12-01,A3718150103,62,"AQ LION x1","Plus 2",17.5697,1089.3214
2020-12-01,A3718150105,57,"AQ LION x1",Premium,18.0312,1027.7784
2020-12-01,A3818150201,138,"AQ LION x2",Standard,17.2648,2382.5424
2020-12-01,A3818150202,127,"AQ LION x2","Plus 1 ",17.5197,2225.0019
2020-12-01,A3819150203,68,"AQ LION x2","Plus 2",18.4533,1254.8244
2020-12-01,A3819150204,98,"AQ LION x2","Plus 3",21.1942,2077.0316
2020-12-01,A3819150205,61,"AQ LION x2",Premium,21.6066,1318.0026
2020-12-01,A3920150301,45,"AQ LION x3",Standard,22.1454,996.5430
2020-12-01,A3920150302,55,"AQ LION x3","Plus 1 ",23.1520,1273.3600
2020-12-01,A3920150303,152,"AQ LION x3","Plus 2",25.4670,3870.9840
2020-12-01,A3920150304,128,"AQ LION x3","Plus 3",25.0442,3205.6576
2020-12-01,A3920150305,82,"AQ LION x3",Premium,27.4546,2251.2772
2020-12-01,A4020150401,105,"AQ Mx NB",Standard,26.9302,2827.6710
2020-12-01,A4020150402,62,"AQ Mx NB","Plus 1 ",28.4500,1763.9000
2020-12-01,A4021150403,86,"AQ Mx NB","Plus 2",29.9423,2575.0378
2020-12-01,A4021150404,89,"AQ Mx NB","Plus 3",28.5800,2543.6200
2020-12-01,A4021150405,68,"AQ Mx NB",Premium,31.7029,2155.7972
2020-12-01,A4118110105,57,"AQ Aspiron","Plus Blue",182.8932,10424.9124
2020-12-01,A4118110106,54,"AQ Aspiron","Plus Red",187.7533,10138.6782
2020-12-01,A4118110107,30,"AQ Aspiron","Premium Black",195.7721,5873.1630
2020-12-01,A4218110201,35,"AQ Digit","Standard Grey",200.2732,7009.5620
2020-12-01,A4218110202,42,"AQ Digit","Standard Blue",215.9341,9069.2322
2020-12-01,A4218110203,48,"AQ Digit","Standard Red",236.8486,11368.7328
2020-12-01,A4218110204,41,"AQ Digit","Plus Grey",232.1038,9516.2558
2020-12-01,A4218110205,40,"AQ Digit","Plus Blue",240.1403,9605.6120
2020-12-01,A4218110206,18,"AQ Digit","Plus Red",237.0183,4266.3294
2020-12-01,A4218110207,46,"AQ Digit","Premium Black",249.1303,11459.9938
2020-12-01,A4218110208,57,"AQ Digit","Premium Misty Green",243.0414,13853.3598
2020-12-01,A4318110301,42,"AQ Velocity","Standard Grey",264.7000,11117.4000
2020-12-01,A4319110302,33,"AQ Velocity","Standard Blue",267.2091,8817.9003
2020-12-01,A4319110303,56,"AQ Velocity","Standard Red",261.2305,14628.9080
2020-12-01,A4319110304,73,"AQ Velocity","Plus Grey",267.0636,19495.6428
2020-12-01,A4319110305,12,"AQ Velocity","Plus Blue",277.8079,3333.6948
2020-12-01,A4319110306,62,"AQ Velocity","Plus Red",275.8194,17100.8028
2020-12-01,A4419110401,67,"AQ Elite","Standard Grey",271.3471,18180.2557
2020-12-01,A4419110402,70,"AQ Elite","Standard Blue",281.9504,19736.5280
2020-12-01,A4419110403,17,"AQ Elite","Standard Red",288.0503,4896.8551
2020-12-01,A4419110404,51,"AQ Elite","Plus Grey",286.8973,14631.7623
2020-12-01,A4419110405,39,"AQ Elite","Plus Blue",291.2071,11357.0769
2020-12-01,A4419110406,27,"AQ Elite","Plus Red",287.5666,7764.2982
2020-12-01,A4419110407,16,"AQ Elite","Premium Black",287.4934,4599.8944
2020-12-01,A4419110408,62,"AQ Elite","Premium Misty Green",297.0277,18415.7174
2020-12-01,A4519110501,44,"AQ Gen X","Standard Grey",311.8396,13720.9424
2020-12-01,A4519110502,54,"AQ Gen X","Standard Blue",300.3378,16218.2412
2020-12-01,A4519110503,68,"AQ Gen X","Standard Red",306.9189,20870.4852
2020-12-01,A4520110504,40,"AQ Gen X","Plus Grey",341.7343,13669.3720
2020-12-01,A4520110505,15,"AQ Gen X","Plus Blue",325.2156,4878.2340
2020-12-01,A4520110506,21,"AQ Gen X","Plus Red",325.2561,6830.3781
2020-12-01,A4520110507,68,"AQ Gen X","Premium Black",322.9426,21960.0968
2020-12-01,A4520110508,70,"AQ Gen X","Premium Misty Green",327.0930,22896.5100
2020-12-01,A4620110601,24,"AQ Gen Y","Standard Grey",347.2474,8333.9376
2020-12-01,A4620110602,31,"AQ Gen Y","Standard Blue",346.6886,10747.3466
2020-12-01,A4620110603,37,"AQ Gen Y","Standard Red",366.0459,13543.6983
2020-12-01,A4620110604,56,"AQ Gen Y","Plus Grey",353.0982,19773.4992
2020-12-01,A4620110605,16,"AQ Gen Y","Plus Blue",349.2525,5588.0400
2020-12-01,A4620110606,56,"AQ Gen Y","Plus Red",348.5375,19518.1000
2020-12-01,A4620110607,58,"AQ Gen Y","Premium Black",347.8030,20172.5740
2020-12-01,A4620110608,40,"AQ Gen Y","Premium Misty Green",363.0630,14522.5200
2020-12-01,A4720110701,30,"AQ GEN Z","Standard Grey",367.7335,11032.0050
2020-12-01,A4720110702,41,"AQ GEN Z","Standard Blue",371.4027,15227.5107
2020-12-01,A4721110703,37,"AQ GEN Z","Standard Red",361.6496,13381.0352
2020-12-01,A4721110704,48,"AQ GEN Z","Plus Grey",380.2153,18250.3344
2020-12-01,A4721110705,19,"AQ GEN Z","Plus Blue",377.4069,7170.7311
2020-12-01,A4918110101,36,"AQ BZ 101","Standard Grey",419.1936,15090.9696
2020-12-01,A4918110102,39,"AQ BZ 101","Standard Blue",451.4881,17608.0359
2020-12-01,A4918110103,41,"AQ BZ 101","Premium Black",428.1451,17553.9491
2020-12-01,A4918110104,41,"AQ BZ 101","Premium Misty Green",460.2805,18871.5005
2020-12-01,A5018110201,34,"AQ BZ Compact","Standard Grey",451.7049,15357.9666
2020-12-01,A5018110202,35,"AQ BZ Compact","Standard Blue",462.5568,16189.4880
2020-12-01,A5018110203,22,"AQ BZ Compact","Standard Red",452.1420,9947.1240
2020-12-01,A5018110204,47,"AQ BZ Compact","Plus Grey",447.7337,21043.4839
2020-12-01,A5018110205,18,"AQ BZ Compact","Plus Blue",486.1763,8751.1734
2020-12-01,A5018110206,21,"AQ BZ Compact","Plus Red",475.5544,9986.6424
2020-12-01,A5018110207,12,"AQ BZ Compact","Premium Black",475.1904,5702.2848
2020-12-01,A5019110208,36,"AQ BZ Compact","Premium Misty Green",467.3047,16822.9692
2020-12-01,A5119110301,40,"AQ BZ Gen Y","Standard Grey",479.0441,19161.7640
2020-12-01,A5119110302,19,"AQ BZ Gen Y","Standard Blue",474.3132,9011.9508
2020-12-01,A5119110303,43,"AQ BZ Gen Y","Standard Red",474.3154,20395.5622
2020-12-01,A5119110305,45,"AQ BZ Gen Y","Plus Blue",483.3813,21752.1585
2020-12-01,A5119110306,18,"AQ BZ Gen Y","Plus Red",486.4857,8756.7426
2020-12-01,A5119110307,16,"AQ BZ Gen Y","Premium Black",516.4580,8263.3280
2020-12-01,A5119110308,24,"AQ BZ Gen Y","Premium Misty Green",512.5811,12301.9464
2020-12-01,A5219110401,35,"AQ BZ Gen Z","Standard Grey",506.9644,17743.7540
2020-12-01,A5219110402,40,"AQ BZ Gen Z","Standard Blue",490.1582,19606.3280
2020-12-01,A5219110403,35,"AQ BZ Gen Z","Standard Red",525.8042,18403.1470
2020-12-01,A5219110405,41,"AQ BZ Gen Z","Plus Blue",521.2603,21371.6723
2020-12-01,A5219110406,41,"AQ BZ Gen Z","Plus Red",550.4597,22568.8477
2020-12-01,A5219110407,23,"AQ BZ Gen Z","Premium Black",545.5931,12548.6413
2020-12-01,A5220110408,19,"AQ BZ Gen Z","Premium Misty Green",533.0397,10127.7543
2020-12-01,A5318110103,18,"AQ Gamer 1","Standard Black",584.9722,10529.4996
2020-12-01,A5318110104,16,"AQ Gamer 1","Plus Firey Red",586.3824,9382.1184
2020-12-01,A5318110105,13,"AQ Gamer 1","Plus Cool Blue",551.3303,7167.2939
2020-12-01,A5318110106,7,"AQ Gamer 1","Plus Black",565.8747,3961.1229
2020-12-01,A5318110107,31,"AQ Gamer 1","Premium Black",571.6489,17721.1159
2020-12-01,A5318110108,29,"AQ Gamer 1","Premium Misty Green",579.6609,16810.1661
2020-12-01,A5419110201,22,"AQ Gamer 2","Standard Firey Red",585.0003,12870.0066
2020-12-01,A5419110202,16,"AQ Gamer 2","Standard Cool Blue",567.9271,9086.8336
2020-12-01,A5419110203,27,"AQ Gamer 2","Standard Black",595.5711,16080.4197
2020-12-01,A5419110204,9,"AQ Gamer 2","Plus Firey Red",602.9200,5426.2800
2020-12-01,A5419110205,25,"AQ Gamer 2","Plus Cool Blue",570.7578,14268.9450
2020-12-01,A5419110206,7,"AQ Gamer 2","Plus Black",601.6398,4211.4786
2020-12-01,A5419110207,6,"AQ Gamer 2","Premium Black",599.2302,3595.3812
2020-12-01,A5419110208,9,"AQ Gamer 2","Premium Misty Green",608.4070,5475.6630
2020-12-01,A5519110301,8,"AQ Gamer 3","Standard Firey Red",589.7411,4717.9288
2020-12-01,A5519110302,30,"AQ Gamer 3","Standard Cool Blue",605.8642,18175.9260
2020-12-01,A5519110303,30,"AQ Gamer 3","Standard Black",604.2721,18128.1630
2020-12-01,A5519110304,25,"AQ Gamer 3","Plus Firey Red",597.7704,14944.2600
2020-12-01,A5520110305,13,"AQ Gamer 3","Plus Cool Blue",632.4885,8222.3505
2020-12-01,A5520110306,9,"AQ Gamer 3","Plus Black",639.6816,5757.1344
2020-12-01,A5520110307,18,"AQ Gamer 3","Premium Black",609.7926,10976.2668
2020-12-01,A5520110308,22,"AQ Gamer 3","Premium Misty Green",590.1159,12982.5498
2020-12-01,A5620110401,11,"AQ Smash 1","Standard Firey Red",642.0698,7062.7678
2020-12-01,A5620110402,17,"AQ Smash 1","Standard Cool Blue",593.8297,10095.1049
2020-12-01,A5621110403,9,"AQ Smash 1","Standard Black",631.1855,5680.6695
2020-12-01,A5621110404,25,"AQ Smash 1","Plus Firey Red",639.9614,15999.0350
2020-12-01,A5621110405,25,"AQ Smash 1","Plus Cool Blue",601.8173,15045.4325
2020-12-01,A5621110406,25,"AQ Smash 1","Plus Black",644.3777,16109.4425
2020-12-01,A5621110407,19,"AQ Smash 1","Premium Black",655.7782,12459.7858
2020-12-01,A5621110408,18,"AQ Smash 1","Premium Misty Green",657.2525,11830.5450
2020-12-01,A5721110501,9,"AQ Smash 2","Standard Firey Red",649.6929,5847.2361
2020-12-01,A5721110502,25,"AQ Smash 2","Standard Cool Blue",627.9938,15699.8450
2020-12-01,A5721110503,24,"AQ Smash 2","Standard Black",678.3035,16279.2840
2020-12-01,A5721110504,11,"AQ Smash 2","Plus Firey Red",655.8348,7214.1828
2020-12-01,A5721110505,30,"AQ Smash 2","Plus Cool Blue",674.4272,20232.8160
2020-12-01,A5721110506,21,"AQ Smash 2","Plus Black",720.5460,15131.4660
2020-12-01,A5820110101,24,"AQ BZ Allin1","Standard 1",681.3022,16351.2528
2020-12-01,A5820110102,13,"AQ BZ Allin1","Standard 2",697.5541,9068.2033
2020-12-01,A5820110103,35,"AQ BZ Allin1","Standard 3",735.1465,25730.1275
2020-12-01,A5820110104,41,"AQ BZ Allin1","Plus 1",690.4971,28310.3811
2020-12-01,A5820110105,9,"AQ BZ Allin1","Plus 2",709.3926,6384.5334
2020-12-01,A5820110106,35,"AQ BZ Allin1","Plus 3",692.5242,24238.3470
2020-12-01,A5820110107,12,"AQ BZ Allin1","Premium 1",737.6775,8852.1300
2020-12-01,A5821110108,51,"AQ BZ Allin1","Premium 2",746.7388,38083.6788
2020-12-01,A6018110101,3,"AQ Home Allin1","Standard 1",800.4577,2401.3731
2020-12-01,A6018110102,9,"AQ Home Allin1","Standard 2",764.0542,6876.4878
2020-12-01,A6018110103,5,"AQ Home Allin1","Standard 3",770.9789,3854.8945
2020-12-01,A6018110104,6,"AQ Home Allin1","Plus 1",749.0987,4494.5922
2020-12-01,A6018110105,8,"AQ Home Allin1","Plus 2",766.6472,6133.1776
2020-12-01,A6018110106,2,"AQ Home Allin1","Plus 3",787.5874,1575.1748
2020-12-01,A6019110107,4,"AQ Home Allin1","Premium 1",785.9918,3143.9672
2020-12-01,A6019110108,10,"AQ Home Allin1","Premium 2",796.6606,7966.6060
2020-12-01,A6119110201,8,"AQ HOME Allin1 Gen 2","Standard 1",824.0889,6592.7112
2020-12-01,A6119110202,9,"AQ HOME Allin1 Gen 2","Standard 2",790.1040,7110.9360
2020-12-01,A6119110203,10,"AQ HOME Allin1 Gen 2","Standard 3",769.5635,7695.6350
2020-12-01,A6119110204,6,"AQ HOME Allin1 Gen 2","Plus 1",807.2638,4843.5828
2020-12-01,A6120110205,8,"AQ HOME Allin1 Gen 2","Plus 2",834.9812,6679.8496
2020-12-01,A6120110206,4,"AQ HOME Allin1 Gen 2","Plus 3",810.6034,3242.4136
2020-12-01,A6218160101,341,"AQ Digit SSD",Standard,13.5941,4635.5881
2020-12-01,A6218160102,1247,"AQ Digit SSD",Plus,15.2481,19014.3807
2020-12-01,A6219160103,1393,"AQ Digit SSD",Premium,16.3003,22706.3179
2020-12-01,A6319160201,782,"AQ Neuer SSD",Standard,17.3590,13574.7380
2020-12-01,A6319160202,1715,"AQ Neuer SSD",Plus,18.5733,31853.2095
2020-12-01,A6319160203,438,"AQ Neuer SSD",Premium,19.3433,8472.3654
2020-12-01,A6419160301,1348,"AQ Clx1",Standard,17.8043,24000.1964
2020-12-01,A6419160302,943,"AQ Clx1",Plus,19.6723,18550.9789
2020-12-01,A6419160303,1662,"AQ Clx1",Premium,19.3342,32133.4404
2020-12-01,A6519160401,539,"AQ Clx2",Standard,20.2889,10935.7171
2020-12-01,A6520160402,195,"AQ Clx2",Plus,20.1650,3932.1750
2020-12-01,A6520160403,839,"AQ Clx2",Premium,21.2830,17856.4370
2020-12-01,A6620160501,1127,"AQ Clx3",Standard,22.8530,25755.3310
2020-12-01,A6720160103,703,"AQ Pen Drive 2 IN 1",Premium,4.4411,3122.0933
2020-12-01,A6818160201,2085,"AQ Pen Drive DRC",Standard,2.9990,6252.9150
2020-12-01,A6818160202,722,"AQ Pen Drive DRC",Plus,3.8531,2781.9382
2020-12-01,A6819160203,1394,"AQ Pen Drive DRC",Premium,5.0984,7107.1696
2020-12-01,A7118160101,1218,"AQ Wi Power Dx1",Standard,29.6712,36139.5216
2020-12-01,A7119160102,697,"AQ Wi Power Dx1",Plus,29.9264,20858.7008
2020-12-01,A7119160103,293,"AQ Wi Power Dx1",Premium,28.7736,8430.6648
2020-12-01,A7219160201,531,"AQ Wi Power Dx2",Standard,32.9575,17500.4325
2020-12-01,A7220160202,1083,"AQ Wi Power Dx2",Plus,35.2053,38127.3399
2020-12-01,A7220160203,132,"AQ Wi Power Dx2",Premium,37.4784,4947.1488
2020-12-01,A7321160301,135,"AQ Wi Power Dx3",Standard,40.7954,5507.3790
2020-12-01,A7321160302,487,"AQ Wi Power Dx3",Plus,43.9446,21401.0202
2020-12-01,A7321160303,708,"AQ Wi Power Dx3",Premium,42.8483,30336.5964
2021-01-01,A0118150101,182,"AQ Dracula HDD – 3.5 Inch SATA 6 Gb/s 5400 RPM 256 MB Cache",Standard,19.0573,3468.4286
2021-01-01,A0118150102,121,"AQ Dracula HDD – 3.5 Inch SATA 6 Gb/s 5400 RPM 256 MB Cache",Plus,21.4565,2596.2365
2021-01-01,A0118150103,142,"AQ Dracula HDD – 3.5 Inch SATA 6 Gb/s 5400 RPM 256 MB Cache",Premium,21.7795,3092.6890
2021-01-01,A0118150104,35,"AQ Dracula HDD – 3.5 Inch SATA 6 Gb/s 5400 RPM 256 MB Cache","Premium Plus",22.9729,804.0515
2021-01-01,A0219150201,161,"AQ WereWolf NAS Internal Hard Drive HDD – 8.89 cm",Standard,23.6987,3815.4907
2021-01-01,A0219150202,241,"AQ WereWolf NAS Internal Hard Drive HDD – 8.89 cm",Plus,24.7312,5960.2192
2021-01-01,A0220150203,41,"AQ WereWolf NAS Internal Hard Drive HDD – 8.89 cm",Premium,23.6154,968.2314
2021-01-01,A0320150301,121,"AQ Zion Saga",Standard,23.7223,2870.3983
2021-01-01,A0321150302,164,"AQ Zion Saga",Plus,27.1027,4444.8428
2021-01-01,A0321150303,172,"AQ Zion Saga",Premium,28.0059,4817.0148
2021-01-01,A0418150103,133,"AQ Mforce Gen X","Standard 3",19.5235,2596.6255
2021-01-01,A0418150104,155,"AQ Mforce Gen X","Plus 1",19.9239,3088.2045
2021-01-01,A0418150105,176,"AQ Mforce Gen X","Plus 2",20.0766,3533.4816
2021-01-01,A0418150106,121,"AQ Mforce Gen X","Plus 3",19.9365,2412.3165
2021-01-01,A0519150201,81,"AQ Mforce Gen Y","Standard 1",22.3984,1814.2704
2021-01-01,A0519150202,65,"AQ Mforce Gen Y","Standard 2",24.9298,1620.4370
2021-01-01,A0519150203,144,"AQ Mforce Gen Y","Standard 3",26.5871,3828.5424
2021-01-01,A0519150204,114,"AQ Mforce Gen Y","Plus 1",26.1081,2976.3234
2021-01-01,A0519150205,166,"AQ Mforce Gen Y","Plus 2",29.7008,4930.3328
2021-01-01,A0519150206,120,"AQ Mforce Gen Y","Plus 3",31.2439,3749.2680
2021-01-01,A0519150207,20,"AQ Mforce Gen Y","Premium 1",32.4427,648.8540
2021-01-01,A0519150208,72,"AQ Mforce Gen Y","Premium 2",30.5816,2201.8752
2021-01-01,A0619150301,123,"AQ Mforce Gen Z","Standard 1",30.4696,3747.7608
2021-01-01,A0619150302,27,"AQ Mforce Gen Z","Standard 2",34.0973,920.6271
2021-01-01,A0620150303,42,"AQ Mforce Gen Z","Standard 3",34.2412,1438.1304
2021-01-01,A0620150304,152,"AQ Mforce Gen Z","Plus 1",37.5826,5712.5552
2021-01-01,A0620150305,190,"AQ Mforce Gen Z","Plus 2",36.5679,6947.9010
2021-01-01,A0620150306,79,"AQ Mforce Gen Z","Plus 3",37.5278,2964.6962
2021-01-01,A0621150307,126,"AQ Mforce Gen Z","Premium 1",36.2434,4566.6684
2021-01-01,A0621150308,188,"AQ Mforce Gen Z","Premium 2",39.3990,7407.0120
2021-01-01,A0721150401,72,"AQ GT 21",Standard,39.3377,2832.3144
2021-01-01,A0721150402,120,"AQ GT 21","Plus 1",39.1465,4697.5800
2021-01-01,A0721150403,48,"AQ GT 21","Plus 2",39.2990,1886.3520
2021-01-01,A0721150404,126,"AQ GT 21",Premium,39.1215,4929.3090
2021-01-01,A0821150501,86,"AQ Marquee P3",Standard,40.5013,3483.1118
2021-01-01,A0821150502,161,"AQ Marquee P3","Plus 1",43.2966,6970.7526
2021-01-01,A0821150503,73,"AQ Marquee P3","Plus 2",42.3841,3094.0393
2021-01-01,A0821150504,132,"AQ Marquee P3",Premium,44.7044,5900.9808
2021-01-01,A0921150601,104,"AQ Marquee P4",Standard,45.0813,4688.4552
2021-01-01,A1018150101,82,"AQ 5000 Series Electron 9 5900X Desktop Processor",Standard,111.1036,9110.4952
2021-01-01,A1018150102,37,"AQ 5000 Series Electron 9 5900X Desktop Processor",Plus,123.4797,4568.7489
2021-01-01,A1018150103,48,"AQ 5000 Series Electron 9 5900X Desktop Processor",Premium,123.9315,5948.7120
2021-01-01,A1118150201,46,"AQ 5000 Series Electron 8 5900X Desktop Processor",Standard,124.2640,5716.1440
2021-01-01,A1118150202,184,"AQ 5000 Series Electron 8 5900X Desktop Processor",Plus,129.5836,23843.3824
2021-01-01,A1119150203,75,"AQ 5000 Series Electron 8 5900X Desktop Processor",Premium,139.8962,10492.2150
2021-01-01,A1219150301,193,"AQ 5000 Series Ultron 8 5900X Desktop Processor",Standard,135.6822,26186.6646
2021-01-01,A1219150302,177,"AQ 5000 Series Ultron 8 5900X Desktop Processor",Plus,145.1474,25691.0898
2021-01-01,A1219150303,34,"AQ 5000 Series Ultron 8 5900X Desktop Processor",Premium,142.9402,4859.9668
2021-01-01,A1319150401,158,"AQ Electron 5 3600 Desktop Processor",Standard,149.1034,23558.3372
2021-01-01,A1320150402,65,"AQ Electron 5 3600 Desktop Processor",Plus,150.2450,9765.9250
2021-01-01,A1320150403,59,"AQ Electron 5 3600 Desktop Processor",Premium,160.6912,9480.7808
2021-01-01,A1420150501,116,"AQ Electron 4 3600 Desktop Processor",Standard,160.5082,18618.9512
2021-01-01,A1420150502,164,"AQ Electron 4 3600 Desktop Processor",Plus,169.4999,27797.9836
2021-01-01,A1421150503,28,"AQ Electron 4 3600 Desktop Processor",Premium,176.4389,4940.2892
2021-01-01,A1521150601,121,"AQ Electron 3 3600 Desktop Processor",Standard,186.2917,22541.2957
2021-01-01,A1521150602,68,"AQ Electron 3 3600 Desktop Processor",Plus,185.4599,12611.2732
2021-01-01,A1618150101,131,"AQ MB Elite",Standard,19.6485,2573.9535
2021-01-01,A1618150102,90,"AQ MB Elite","Plus 1",20.4629,1841.6610
2021-01-01,A1618150103,57,"AQ MB Elite","Plus 2",21.2017,1208.4969
2021-01-01,A1618150104,91,"AQ MB Elite",Premium,21.4489,1951.8499
2021-01-01,A1718150201,108,"AQ MB Crossx",Standard,21.8879,2363.8932
2021-01-01,A1718150202,109,"AQ MB Crossx","Plus 1",22.8957,2495.6313
2021-01-01,A1718150203,92,"AQ MB Crossx","Plus 2",27.3445,2515.6940
2021-01-01,A1718150204,39,"AQ MB Crossx",Premium,28.3991,1107.5649
2021-01-01,A1819150301,121,"AQ MB Crossx 2",Standard,28.8615,3492.2415
2021-01-01,A1819150302,17,"AQ MB Crossx 2","Plus 1",31.9525,543.1925
2021-01-01,A1819150303,38,"AQ MB Crossx 2","Plus 2",32.1924,1223.3112
2021-01-01,A1819150304,113,"AQ MB Crossx 2",Premium,32.2612,3645.5156
2021-01-01,A1919150401,52,"AQ MB Lito",Standard,33.7609,1755.5668
2021-01-01,A1919150402,97,"AQ MB Lito","Plus 1",35.0256,3397.4832
2021-01-01,A1919150403,107,"AQ MB Lito","Plus 2",35.8350,3834.3450
2021-01-01,A1920150404,26,"AQ MB Lito",Premium,38.9780,1013.4280
2021-01-01,A2020150501,130,"AQ MB Lito 2",Standard,41.3696,5378.0480
2021-01-01,A2020150502,77,"AQ MB Lito 2","Plus 1",39.3932,3033.2764
2021-01-01,A2021150503,26,"AQ MB Lito 2","Plus 2",45.4377,1181.3802
2021-01-01,A2118150101,306,"AQ Master wired x1 Ms","Standard 1",2.9434,900.6804
2021-01-01,A2118150102,797,"AQ Master wired x1 Ms","Standard 2",3.9998,3187.8406
2021-01-01,A2118150103,915,"AQ Master wired x1 Ms","Plus 1",4.5295,4144.4925
2021-01-01,A2118150104,851,"AQ Master wired x1 Ms","Plus 2",5.0459,4294.0609
2021-01-01,A2118150105,869,"AQ Master wired x1 Ms","Premium 1",4.6904,4075.9576
2021-01-01,A2118150106,647,"AQ Master wired x1 Ms","Premium 2",5.2542,3399.4674
2021-01-01,A2218150201,349,"AQ Master wireless x1 Ms","Standard 1",5.4383,1897.9667
2021-01-01,A2218150202,753,"AQ Master wireless x1 Ms","Standard 2",6.4054,4823.2662
2021-01-01,A2219150203,266,"AQ Master wireless x1 Ms","Plus 1",6.7301,1790.2066
2021-01-01,A2219150204,248,"AQ Master wireless x1 Ms","Plus 2",7.3526,1823.4448
2021-01-01,A2219150205,223,"AQ Master wireless x1 Ms","Premium 1",7.9813,1779.8299
2021-01-01,A2219150206,337,"AQ Master wireless x1 Ms","Premium 2",8.3193,2803.6041
2021-01-01,A2319150301,1011,"AQ Gamers Ms","Standard 1",8.8044,8901.2484
2021-01-01,A2319150302,699,"AQ Gamers Ms","Standard 2",8.9901,6284.0799
2021-01-01,A2319150303,584,"AQ Gamers Ms","Plus 1",9.3977,5488.2568
2021-01-01,A2319150304,924,"AQ Gamers Ms","Plus 2",10.4573,9662.5452
2021-01-01,A2319150305,678,"AQ Gamers Ms","Premium 1",10.4370,7076.2860
2021-01-01,A2319150306,666,"AQ Gamers Ms","Premium 2",10.8659,7236.6894
2021-01-01,A2419150401,971,"AQ Lite Ms","Standard 1",11.4829,11149.8959
2021-01-01,A2419150402,300,"AQ Lite Ms","Standard 2",11.2819,3384.5700
2021-01-01,A2419150403,917,"AQ Lite Ms","Plus 1",10.8925,9988.4225
2021-01-01,A2419150404,978,"AQ Lite Ms","Plus 2",11.6332,11377.2696
2021-01-01,A2419150405,121,"AQ Lite Ms","Premium 1",12.7423,1541.8183
2021-01-01,A2420150406,892,"AQ Lite Ms","Premium 2",12.2979,10969.7268
2021-01-01,A2520150501,329,"AQ Maxima Ms","Standard 1",12.0689,3970.6681
2021-01-01,A2520150502,982,"AQ Maxima Ms","Standard 2",14.5267,14265.2194
2021-01-01,A2520150503,193,"AQ Maxima Ms","Plus 1",14.1682,2734.4626
2021-01-01,A2520150504,478,"AQ Maxima Ms","Plus 2",14.2800,6825.8400
2021-01-01,A2520150505,849,"AQ Maxima Ms","Premium 1",15.1762,12884.5938
2021-01-01,A2520150506,164,"AQ Maxima Ms","Premium 2",14.5677,2389.1028
2021-01-01,A2620150601,372,"AQ Qwerty Ms","Standard 1",14.9013,5543.2836
2021-01-01,A2620150602,659,"AQ Qwerty Ms","Standard 2",15.8102,10418.9218
2021-01-01,A2620150603,578,"AQ Qwerty Ms","Plus 1",15.9792,9235.9776
2021-01-01,A2620150604,813,"AQ Qwerty Ms","Plus 2",16.5491,13454.4183
2021-01-01,A2620150605,676,"AQ Qwerty Ms","Premium 1",16.5882,11213.6232
2021-01-01,A2620150606,387,"AQ Qwerty Ms","Premium 2",16.7850,6495.7950
2021-01-01,A2720150701,722,"AQ Trigger Ms","Standard 1",17.0917,12340.2074
2021-01-01,A2721150702,200,"AQ Trigger Ms","Standard 2",17.2368,3447.3600
2021-01-01,A2721150703,842,"AQ Trigger Ms","Plus 1",16.9353,14259.5226
2021-01-01,A2721150704,807,"AQ Trigger Ms","Plus 2",19.5860,15805.9020
2021-01-01,A2721150705,1038,"AQ Trigger Ms","Premium 1",19.4042,20141.5596
2021-01-01,A2721150706,231,"AQ Trigger Ms","Premium 2",20.0537,4632.4047
2021-01-01,A2821150801,129,"AQ Lumina Ms","Standard 1",21.7118,2800.8222
2021-01-01,A2918150101,498,"AQ Master wired x1","Standard 1",6.8991,3435.7518
2021-01-01,A2918150102,769,"AQ Master wired x1","Standard 2",7.5979,5842.7851
2021-01-01,A2918150103,234,"AQ Master wired x1","Plus 1",7.7693,1818.0162
2021-01-01,A2918150104,535,"AQ Master wired x1","Plus 2",8.9514,4788.9990
2021-01-01,A2918150105,727,"AQ Master wired x1","Premium 1",9.4650,6881.0550
2021-01-01,A2918150106,160,"AQ Master wired x1","Premium 2",10.4188,1667.0080
2021-01-01,A3018150201,741,"AQ Master wireless x1","Standard 1",10.7955,7999.4655
2021-01-01,A3018150202,794,"AQ Master wireless x1","Standard 2",11.0524,8775.6056
2021-01-01,A3018150203,706,"AQ Master wireless x1","Plus 1",12.3739,8735.9734
2021-01-01,A3019150204,572,"AQ Master wireless x1","Plus 2",11.6011,6635.8292
2021-01-01,A3019150205,400,"AQ Master wireless x1","Premium 1",12.0509,4820.3600
2021-01-01,A3019150206,591,"AQ Master wireless x1","Premium 2",13.0018,7684.0638
2021-01-01,A3119150301,222,"AQ Gamers ","Standard 1",13.5061,2998.3542
2021-01-01,A3119150302,201,"AQ Gamers ","Standard 2",15.3071,3076.7271
2021-01-01,A3119150303,832,"AQ Gamers ","Plus 1",16.2407,13512.2624
2021-01-01,A3120150304,264,"AQ Gamers ","Plus 2",16.3792,4324.1088
2021-01-01,A3120150305,699,"AQ Gamers ","Premium 1",16.3218,11408.9382
2021-01-01,A3120150306,118,"AQ Gamers ","Premium 2",19.3003,2277.4354
2021-01-01,A3220150401,498,"AQ Lite","Standard 1",18.4943,9210.1614
2021-01-01,A3220150402,876,"AQ Lite","Standard 2",18.7947,16464.1572
2021-01-01,A3220150403,730,"AQ Lite","Plus 1",18.5844,13566.6120
2021-01-01,A3220150404,546,"AQ Lite","Plus 2",18.4219,10058.3574
2021-01-01,A3220150405,516,"AQ Lite","Premium 1",18.9415,9773.8140
2021-01-01,A3220150406,185,"AQ Lite","Premium 2",20.0066,3701.2210
2021-01-01,A3320150501,172,"AQ Maxima","Standard 1",20.3908,3507.2176
2021-01-01,A3320150502,783,"AQ Maxima","Standard 2",21.6988,16990.1604
2021-01-01,A3320150503,447,"AQ Maxima","Plus 1",20.8733,9330.3651
2021-01-01,A3320150504,370,"AQ Maxima","Plus 2",22.1341,8189.6170
2021-01-01,A3320150505,852,"AQ Maxima","Premium 1",23.0844,19667.9088
2021-01-01,A3320150506,715,"AQ Maxima","Premium 2",23.7678,16993.9770
2021-01-01,A3420150601,310,"AQ Qwerty","Standard 1",24.5690,7616.3900
2021-01-01,A3420150602,686,"AQ Qwerty","Standard 2",23.9726,16445.2036
2021-01-01,A3421150603,495,"AQ Qwerty","Plus 1",26.9507,13340.5965
2021-01-01,A3421150604,614,"AQ Qwerty","Plus 2",27.4152,16832.9328
2021-01-01,A3421150605,644,"AQ Qwerty","Premium 1",29.8692,19235.7648
2021-01-01,A3421150606,153,"AQ Qwerty","Premium 2",29.6709,4539.6477
2021-01-01,A3521150701,114,"AQ Trigger","Standard 1",29.3872,3350.1408
2021-01-01,A3521150702,255,"AQ Trigger","Standard 2",30.3414,7737.0570
2021-01-01,A3521150703,185,"AQ Trigger","Plus 1",31.7665,5876.8025
2021-01-01,A3521150704,736,"AQ Trigger","Plus 2",33.6246,24747.7056
2021-01-01,A3521150705,723,"AQ Trigger","Premium 1",34.5114,24951.7422
2021-01-01,A3718150101,39,"AQ LION x1",Standard,16.5127,643.9953
2021-01-01,A3718150102,11,"AQ LION x1","Plus 1 ",16.1015,177.1165
2021-01-01,A3718150103,13,"AQ LION x1","Plus 2",17.5697,228.4061
2021-01-01,A3718150105,30,"AQ LION x1",Premium,18.0312,540.9360
2021-01-01,A3818150201,13,"AQ LION x2",Standard,17.2648,224.4424
2021-01-01,A3818150202,12,"AQ LION x2","Plus 1 ",17.5197,210.2364
2021-01-01,A3819150203,69,"AQ LION x2","Plus 2",18.4533,1273.2777
2021-01-01,A3819150204,28,"AQ LION x2","Plus 3",21.1942,593.4376
2021-01-01,A3819150205,74,"AQ LION x2",Premium,21.6066,1598.8884
2021-01-01,A3920150301,9,"AQ LION x3",Standard,22.1454,199.3086
2021-01-01,A3920150302,80,"AQ LION x3","Plus 1 ",23.1520,1852.1600
2021-01-01,A3920150303,70,"AQ LION x3","Plus 2",25.4670,1782.6900
2021-01-01,A3920150304,12,"AQ LION x3","Plus 3",25.0442,300.5304
2021-01-01,A3920150305,44,"AQ LION x3",Premium,27.4546,1208.0024
2021-01-01,A4020150401,81,"AQ Mx NB",Standard,26.9302,2181.3462
2021-01-01,A4020150402,22,"AQ Mx NB","Plus 1 ",28.4500,625.9000
2021-01-01,A4021150403,16,"AQ Mx NB","Plus 2",29.9423,479.0768
2021-01-01,A4021150404,16,"AQ Mx NB","Plus 3",28.5800,457.2800
2021-01-01,A4021150405,82,"AQ Mx NB",Premium,31.7029,2599.6378
2021-01-01,A4118110105,24,"AQ Aspiron","Plus Blue",182.8932,4389.4368
2021-01-01,A4118110106,24,"AQ Aspiron","Plus Red",187.7533,4506.0792
2021-01-01,A4118110107,12,"AQ Aspiron","Premium Black",195.7721,2349.2652
2021-01-01,A4218110201,14,"AQ Digit","Standard Grey",200.2732,2803.8248
2021-01-01,A4218110202,25,"AQ Digit","Standard Blue",215.9341,5398.3525
2021-01-01,A4218110203,38,"AQ Digit","Standard Red",236.8486,9000.2468
2021-01-01,A4218110204,17,"AQ Digit","Plus Grey",232.1038,3945.7646
2021-01-01,A4218110205,10,"AQ Digit","Plus Blue",240.1403,2401.4030
2021-01-01,A4218110206,23,"AQ Digit","Plus Red",237.0183,5451.4209
2021-01-01,A4218110207,17,"AQ Digit","Premium Black",249.1303,4235.2151
2021-01-01,A4218110208,39,"AQ Digit","Premium Misty Green",243.0414,9478.6146
2021-01-01,A4318110301,31,"AQ Velocity","Standard Grey",264.7000,8205.7000
2021-01-01,A4319110302,9,"AQ Velocity","Standard Blue",267.2091,2404.8819
2021-01-01,A4319110303,21,"AQ Velocity","Standard Red",261.2305,5485.8405
2021-01-01,A4319110304,26,"AQ Velocity","Plus Grey",267.0636,6943.6536
2021-01-01,A4319110305,36,"AQ Velocity","Plus Blue",277.8079,10001.0844
2021-01-01,A4319110306,9,"AQ Velocity","Plus Red",275.8194,2482.3746
2021-01-01,A4419110401,36,"AQ Elite","Standard Grey",271.3471,9768.4956
2021-01-01,A4419110402,30,"AQ Elite","Standard Blue",281.9504,8458.5120
2021-01-01,A4419110403,36,"AQ Elite","Standard Red",288.0503,10369.8108
2021-01-01,A4419110404,34,"AQ Elite","Plus Grey",286.8973,9754.5082
2021-01-01,A4419110405,13,"AQ Elite","Plus Blue",291.2071,3785.6923
2021-01-01,A4419110406,21,"AQ Elite","Plus Red",287.5666,6038.8986
2021-01-01,A4419110407,9,"AQ Elite","Premium Black",287.4934,2587.4406
2021-01-01,A4419110408,38,"AQ Elite","Premium Misty Green",297.0277,11287.0526
2021-01-01,A4519110501,31,"AQ Gen X","Standard Grey",311.8396,9667.0276
2021-01-01,A4519110502,28,"AQ Gen X","Standard Blue",300.3378,8409.4584
2021-01-01,A4519110503,38,"AQ Gen X","Standard Red",306.9189,11662.9182
2021-01-01,A4520110504,32,"AQ Gen X","Plus Grey",341.7343,10935.4976
2021-01-01,A4520110505,15,"AQ Gen X","Plus Blue",325.2156,4878.2340
2021-01-01,A4520110506,40,"AQ Gen X","Plus Red",325.2561,13010.2440
2021-01-01,A4520110507,38,"AQ Gen X","Premium Black",322.9426,12271.8188
2021-01-01,A4520110508,15,"AQ Gen X","Premium Misty Green",327.0930,4906.3950
2021-01-01,A4620110601,9,"AQ Gen Y","Standard Grey",347.2474,3125.2266
2021-01-01,A4620110602,7,"AQ Gen Y","Standard Blue",346.6886,2426.8202
2021-01-01,A4620110603,34,"AQ Gen Y","Standard Red",366.0459,12445.5606
2021-01-01,A4620110604,37,"AQ Gen Y","Plus Grey",353.0982,13064.6334
2021-01-01,A4620110605,16,"AQ Gen Y","Plus Blue",349.2525,5588.0400
2021-01-01,A4620110606,17,"AQ Gen Y","Plus Red",348.5375,5925.1375
2021-01-01,A4620110607,8,"AQ Gen Y","Premium Black",347.8030,2782.4240
2021-01-01,A4620110608,22,"AQ Gen Y","Premium Misty Green",363.0630,7987.3860
2021-01-01,A4720110701,11,"AQ GEN Z","Standard Grey",367.7335,4045.0685
2021-01-01,A4720110702,31,"AQ GEN Z","Standard Blue",371.4027,11513.4837
2021-01-01,A4721110703,22,"AQ GEN Z","Standard Red",361.6496,7956.2912
2021-01-01,A4721110704,15,"AQ GEN Z","Plus Grey",380.2153,5703.2295
2021-01-01,A4721110705,28,"AQ GEN Z","Plus Blue",377.4069,10567.3932
2021-01-01,A4918110101,6,"AQ BZ 101","Standard Grey",419.1936,2515.1616
2021-01-01,A4918110102,23,"AQ BZ 101","Standard Blue",451.4881,10384.2263
2021-01-01,A4918110103,16,"AQ BZ 101","Premium Black",428.1451,6850.3216
2021-01-01,A4918110104,16,"AQ BZ 101","Premium Misty Green",460.2805,7364.4880
2021-01-01,A5018110201,17,"AQ BZ Compact","Standard Grey",451.7049,7678.9833
2021-01-01,A5018110202,14,"AQ BZ Compact","Standard Blue",462.5568,6475.7952
2021-01-01,A5018110203,24,"AQ BZ Compact","Standard Red",452.1420,10851.4080
2021-01-01,A5018110204,11,"AQ BZ Compact","Plus Grey",447.7337,4925.0707
2021-01-01,A5018110205,15,"AQ BZ Compact","Plus Blue",486.1763,7292.6445
2021-01-01,A5018110206,22,"AQ BZ Compact","Plus Red",475.5544,10462.1968
2021-01-01,A5018110207,24,"AQ BZ Compact","Premium Black",475.1904,11404.5696
2021-01-01,A5019110208,11,"AQ BZ Compact","Premium Misty Green",467.3047,5140.3517
2021-01-01,A5119110301,22,"AQ BZ Gen Y","Standard Grey",479.0441,10538.9702
2021-01-01,A5119110302,20,"AQ BZ Gen Y","Standard Blue",474.3132,9486.2640
2021-01-01,A5119110303,12,"AQ BZ Gen Y","Standard Red",474.3154,5691.7848
2021-01-01,A5119110305,16,"AQ BZ Gen Y","Plus Blue",483.3813,7734.1008
2021-01-01,A5119110306,19,"AQ BZ Gen Y","Plus Red",486.4857,9243.2283
2021-01-01,A5119110307,21,"AQ BZ Gen Y","Premium Black",516.4580,10845.6180
2021-01-01,A5119110308,7,"AQ BZ Gen Y","Premium Misty Green",512.5811,3588.0677
2021-01-01,A5219110401,17,"AQ BZ Gen Z","Standard Grey",506.9644,8618.3948
2021-01-01,A5219110402,13,"AQ BZ Gen Z","Standard Blue",490.1582,6372.0566
2021-01-01,A5219110403,13,"AQ BZ Gen Z","Standard Red",525.8042,6835.4546
2021-01-01,A5219110405,12,"AQ BZ Gen Z","Plus Blue",521.2603,6255.1236
2021-01-01,A5219110406,20,"AQ BZ Gen Z","Plus Red",550.4597,11009.1940
2021-01-01,A5219110407,12,"AQ BZ Gen Z","Premium Black",545.5931,6547.1172
2021-01-01,A5220110408,27,"AQ BZ Gen Z","Premium Misty Green",533.0397,14392.0719
2021-01-01,A5318110103,14,"AQ Gamer 1","Standard Black",584.9722,8189.6108
2021-01-01,A5318110104,12,"AQ Gamer 1","Plus Firey Red",586.3824,7036.5888
2021-01-01,A5318110105,11,"AQ Gamer 1","Plus Cool Blue",551.3303,6064.6333
2021-01-01,A5318110106,16,"AQ Gamer 1","Plus Black",565.8747,9053.9952
2021-01-01,A5318110107,11,"AQ Gamer 1","Premium Black",571.6489,6288.1379
2021-01-01,A5318110108,16,"AQ Gamer 1","Premium Misty Green",579.6609,9274.5744
2021-01-01,A5419110201,4,"AQ Gamer 2","Standard Firey Red",585.0003,2340.0012
2021-01-01,A5419110202,8,"AQ Gamer 2","Standard Cool Blue",567.9271,4543.4168
2021-01-01,A5419110203,7,"AQ Gamer 2","Standard Black",595.5711,4168.9977
2021-01-01,A5419110204,5,"AQ Gamer 2","Plus Firey Red",602.9200,3014.6000
2021-01-01,A5419110205,3,"AQ Gamer 2","Plus Cool Blue",570.7578,1712.2734
2021-01-01,A5419110206,16,"AQ Gamer 2","Plus Black",601.6398,9626.2368
2021-01-01,A5419110207,5,"AQ Gamer 2","Premium Black",599.2302,2996.1510
2021-01-01,A5419110208,10,"AQ Gamer 2","Premium Misty Green",608.4070,6084.0700
2021-01-01,A5519110301,12,"AQ Gamer 3","Standard Firey Red",589.7411,7076.8932
2021-01-01,A5519110302,12,"AQ Gamer 3","Standard Cool Blue",605.8642,7270.3704
2021-01-01,A5519110303,15,"AQ Gamer 3","Standard Black",604.2721,9064.0815
2021-01-01,A5519110304,16,"AQ Gamer 3","Plus Firey Red",597.7704,9564.3264
2021-01-01,A5520110305,12,"AQ Gamer 3","Plus Cool Blue",632.4885,7589.8620
2021-01-01,A5520110306,10,"AQ Gamer 3","Plus Black",639.6816,6396.8160
2021-01-01,A5520110307,17,"AQ Gamer 3","Premium Black",609.7926,10366.4742
2021-01-01,A5520110308,7,"AQ Gamer 3","Premium Misty Green",590.1159,4130.8113
2021-01-01,A5620110401,4,"AQ Smash 1","Standard Firey Red",642.0698,2568.2792
2021-01-01,A5620110402,14,"AQ Smash 1","Standard Cool Blue",593.8297,8313.6158
2021-01-01,A5621110403,16,"AQ Smash 1","Standard Black",631.1855,10098.9680
2021-01-01,A5621110404,14,"AQ Smash 1","Plus Firey Red",639.9614,8959.4596
2021-01-01,A5621110405,14,"AQ Smash 1","Plus Cool Blue",601.8173,8425.4422
2021-01-01,A5621110406,10,"AQ Smash 1","Plus Black",644.3777,6443.7770
2021-01-01,A5621110407,8,"AQ Smash 1","Premium Black",655.7782,5246.2256
2021-01-01,A5621110408,3,"AQ Smash 1","Premium Misty Green",657.2525,1971.7575
2021-01-01,A5721110501,14,"AQ Smash 2","Standard Firey Red",649.6929,9095.7006
2021-01-01,A5721110502,9,"AQ Smash 2","Standard Cool Blue",627.9938,5651.9442
2021-01-01,A5721110503,14,"AQ Smash 2","Standard Black",678.3035,9496.2490
2021-01-01,A5721110504,12,"AQ Smash 2","Plus Firey Red",655.8348,7870.0176
2021-01-01,A5721110505,9,"AQ Smash 2","Plus Cool Blue",674.4272,6069.8448
2021-01-01,A5721110506,3,"AQ Smash 2","Plus Black",720.5460,2161.6380
2021-01-01,A5820110101,9,"AQ BZ Allin1","Standard 1",681.3022,6131.7198
2021-01-01,A5820110102,10,"AQ BZ Allin1","Standard 2",697.5541,6975.5410
2021-01-01,A5820110103,6,"AQ BZ Allin1","Standard 3",735.1465,4410.8790
2021-01-01,A5820110104,28,"AQ BZ Allin1","Plus 1",690.4971,19333.9188
2021-01-01,A5820110105,14,"AQ BZ Allin1","Plus 2",709.3926,9931.4964
2021-01-01,A5820110106,8,"AQ BZ Allin1","Plus 3",692.5242,5540.1936
2021-01-01,A5820110107,27,"AQ BZ Allin1","Premium 1",737.6775,19917.2925
2021-01-01,A5821110108,22,"AQ BZ Allin1","Premium 2",746.7388,16428.2536
2021-01-01,A6018110101,3,"AQ Home Allin1","Standard 1",800.4577,2401.3731
2021-01-01,A6018110102,2,"AQ Home Allin1","Standard 2",764.0542,1528.1084
2021-01-01,A6018110103,1,"AQ Home Allin1","Standard 3",770.9789,770.9789
2021-01-01,A6018110104,4,"AQ Home Allin1","Plus 1",749.0987,2996.3948
2021-01-01,A6018110105,4,"AQ Home Allin1","Plus 2",766.6472,3066.5888
2021-01-01,A6018110106,4,"AQ Home Allin1","Plus 3",787.5874,3150.3496
2021-01-01,A6019110107,2,"AQ Home Allin1","Premium 1",785.9918,1571.9836
2021-01-01,A6019110108,5,"AQ Home Allin1","Premium 2",796.6606,3983.3030
2021-01-01,A6119110201,2,"AQ HOME Allin1 Gen 2","Standard 1",824.0889,1648.1778
2021-01-01,A6119110202,4,"AQ HOME Allin1 Gen 2","Standard 2",790.1040,3160.4160
2021-01-01,A6119110203,4,"AQ HOME Allin1 Gen 2","Standard 3",769.5635,3078.2540
2021-01-01,A6119110204,6,"AQ HOME Allin1 Gen 2","Plus 1",807.2638,4843.5828
2021-01-01,A6120110205,2,"AQ HOME Allin1 Gen 2","Plus 2",834.9812,1669.9624
2021-01-01,A6120110206,3,"AQ HOME Allin1 Gen 2","Plus 3",810.6034,2431.8102
2021-01-01,A6218160101,266,"AQ Digit SSD",Standard,13.5941,3616.0306
2021-01-01,A6218160102,849,"AQ Digit SSD",Plus,15.2481,12945.6369
2021-01-01,A6219160103,414,"AQ Digit SSD",Premium,16.3003,6748.3242
2021-01-01,A6319160201,944,"AQ Neuer SSD",Standard,17.3590,16386.8960
2021-01-01,A6319160202,765,"AQ Neuer SSD",Plus,18.5733,14208.5745
2021-01-01,A6319160203,784,"AQ Neuer SSD",Premium,19.3433,15165.1472
2021-01-01,A6419160301,1034,"AQ Clx1",Standard,17.8043,18409.6462
2021-01-01,A6419160302,497,"AQ Clx1",Plus,19.6723,9777.1331
2021-01-01,A6419160303,851,"AQ Clx1",Premium,19.3342,16453.4042
2021-01-01,A6519160401,204,"AQ Clx2",Standard,20.2889,4138.9356
2021-01-01,A6520160402,133,"AQ Clx2",Plus,20.1650,2681.9450
2021-01-01,A6520160403,505,"AQ Clx2",Premium,21.2830,10747.9150
2021-01-01,A6620160501,310,"AQ Clx3",Standard,22.8530,7084.4300
2021-01-01,A6720160103,810,"AQ Pen Drive 2 IN 1",Premium,4.4411,3597.2910
2021-01-01,A6818160201,1014,"AQ Pen Drive DRC",Standard,2.9990,3040.9860
2021-01-01,A6818160202,1250,"AQ Pen Drive DRC",Plus,3.8531,4816.3750
2021-01-01,A6819160203,778,"AQ Pen Drive DRC",Premium,5.0984,3966.5552
2021-01-01,A7118160101,122,"AQ Wi Power Dx1",Standard,29.6712,3619.8864
2021-01-01,A7119160102,229,"AQ Wi Power Dx1",Plus,29.9264,6853.1456
2021-01-01,A7119160103,239,"AQ Wi Power Dx1",Premium,28.7736,6876.8904
2021-01-01,A7219160201,563,"AQ Wi Power Dx2",Standard,32.9575,18555.0725
2021-01-01,A7220160202,593,"AQ Wi Power Dx2",Plus,35.2053,20876.7429
2021-01-01,A7220160203,405,"AQ Wi Power Dx2",Premium,37.4784,15178.7520
2021-01-01,A7321160301,132,"AQ Wi Power Dx3",Standard,40.7954,5384.9928
2021-01-01,A7321160302,602,"AQ Wi Power Dx3",Plus,43.9446,26454.6492
2021-01-01,A7321160303,510,"AQ Wi Power Dx3",Premium,42.8483,21852.6330
2021-02-01,A0118150101,208,"AQ Dracula HDD – 3.5 Inch SATA 6 Gb/s 5400 RPM 256 MB Cache",Standard,19.0573,3963.9184
2021-02-01,A0118150102,77,"AQ Dracula HDD – 3.5 Inch SATA 6 Gb/s 5400 RPM 256 MB Cache",Plus,21.4565,1652.1505
2021-02-01,A0118150103,192,"AQ Dracula HDD – 3.5 Inch SATA 6 Gb/s 5400 RPM 256 MB Cache",Premium,21.7795,4181.6640
2021-02-01,A0118150104,141,"AQ Dracula HDD – 3.5 Inch SATA 6 Gb/s 5400 RPM 256 MB Cache","Premium Plus",22.9729,3239.1789
2021-02-01,A0219150201,112,"AQ WereWolf NAS Internal Hard Drive HDD – 8.89 cm",Standard,23.6987,2654.2544
2021-02-01,A0219150202,155,"AQ WereWolf NAS Internal Hard Drive HDD – 8.89 cm",Plus,24.7312,3833.3360
2021-02-01,A0220150203,121,"AQ WereWolf NAS Internal Hard Drive HDD – 8.89 cm",Premium,23.6154,2857.4634
2021-02-01,A0320150301,184,"AQ Zion Saga",Standard,23.7223,4364.9032
2021-02-01,A0321150302,42,"AQ Zion Saga",Plus,27.1027,1138.3134
2021-02-01,A0321150303,119,"AQ Zion Saga",Premium,28.0059,3332.7021
2021-02-01,A0418150103,68,"AQ Mforce Gen X","Standard 3",19.5235,1327.5980
2021-02-01,A0418150104,96,"AQ Mforce Gen X","Plus 1",19.9239,1912.6944
2021-02-01,A0418150105,130,"AQ Mforce Gen X","Plus 2",20.0766,2609.9580
2021-02-01,A0418150106,176,"AQ Mforce Gen X","Plus 3",19.9365,3508.8240
2021-02-01,A0519150201,64,"AQ Mforce Gen Y","Standard 1",22.3984,1433.4976
2021-02-01,A0519150202,50,"AQ Mforce Gen Y","Standard 2",24.9298,1246.4900
2021-02-01,A0519150203,156,"AQ Mforce Gen Y","Standard 3",26.5871,4147.5876
2021-02-01,A0519150204,80,"AQ Mforce Gen Y","Plus 1",26.1081,2088.6480
2021-02-01,A0519150205,108,"AQ Mforce Gen Y","Plus 2",29.7008,3207.6864
2021-02-01,A0519150206,109,"AQ Mforce Gen Y","Plus 3",31.2439,3405.5851
2021-02-01,A0519150207,176,"AQ Mforce Gen Y","Premium 1",32.4427,5709.9152
2021-02-01,A0519150208,118,"AQ Mforce Gen Y","Premium 2",30.5816,3608.6288
2021-02-01,A0619150301,32,"AQ Mforce Gen Z","Standard 1",30.4696,975.0272
2021-02-01,A0619150302,198,"AQ Mforce Gen Z","Standard 2",34.0973,6751.2654
2021-02-01,A0620150303,64,"AQ Mforce Gen Z","Standard 3",34.2412,2191.4368
2021-02-01,A0620150304,92,"AQ Mforce Gen Z","Plus 1",37.5826,3457.5992
2021-02-01,A0620150305,146,"AQ Mforce Gen Z","Plus 2",36.5679,5338.9134
2021-02-01,A0620150306,142,"AQ Mforce Gen Z","Plus 3",37.5278,5328.9476
2021-02-01,A0621150307,50,"AQ Mforce Gen Z","Premium 1",36.2434,1812.1700
2021-02-01,A0621150308,101,"AQ Mforce Gen Z","Premium 2",39.3990,3979.2990
2021-02-01,A0721150401,99,"AQ GT 21",Standard,39.3377,3894.4323
2021-02-01,A0721150402,193,"AQ GT 21","Plus 1",39.1465,7555.2745
2021-02-01,A0721150403,114,"AQ GT 21","Plus 2",39.2990,4480.0860
2021-02-01,A0721150404,140,"AQ GT 21",Premium,39.1215,5477.0100
2021-02-01,A0821150501,40,"AQ Marquee P3",Standard,40.5013,1620.0520
2021-02-01,A0821150502,196,"AQ Marquee P3","Plus 1",43.2966,8486.1336
2021-02-01,A0821150503,160,"AQ Marquee P3","Plus 2",42.3841,6781.4560
2021-02-01,A0821150504,185,"AQ Marquee P3",Premium,44.7044,8270.3140
2021-02-01,A0921150601,156,"AQ Marquee P4",Standard,45.0813,7032.6828
2021-02-01,A1018150101,86,"AQ 5000 Series Electron 9 5900X Desktop Processor",Standard,111.1036,9554.9096
2021-02-01,A1018150102,60,"AQ 5000 Series Electron 9 5900X Desktop Processor",Plus,123.4797,7408.7820
2021-02-01,A1018150103,92,"AQ 5000 Series Electron 9 5900X Desktop Processor",Premium,123.9315,11401.6980
2021-02-01,A1118150201,32,"AQ 5000 Series Electron 8 5900X Desktop Processor",Standard,124.2640,3976.4480
2021-02-01,A1118150202,134,"AQ 5000 Series Electron 8 5900X Desktop Processor",Plus,129.5836,17364.2024
2021-02-01,A1119150203,117,"AQ 5000 Series Electron 8 5900X Desktop Processor",Premium,139.8962,16367.8554
2021-02-01,A1219150301,27,"AQ 5000 Series Ultron 8 5900X Desktop Processor",Standard,135.6822,3663.4194
2021-02-01,A1219150302,36,"AQ 5000 Series Ultron 8 5900X Desktop Processor",Plus,145.1474,5225.3064
2021-02-01,A1219150303,56,"AQ 5000 Series Ultron 8 5900X Desktop Processor",Premium,142.9402,8004.6512
2021-02-01,A1319150401,136,"AQ Electron 5 3600 Desktop Processor",Standard,149.1034,20278.0624
2021-02-01,A1320150402,104,"AQ Electron 5 3600 Desktop Processor",Plus,150.2450,15625.4800
2021-02-01,A1320150403,176,"AQ Electron 5 3600 Desktop Processor",Premium,160.6912,28281.6512
2021-02-01,A1420150501,190,"AQ Electron 4 3600 Desktop Processor",Standard,160.5082,30496.5580
2021-02-01,A1420150502,98,"AQ Electron 4 3600 Desktop Processor",Plus,169.4999,16610.9902
2021-02-01,A1421150503,178,"AQ Electron 4 3600 Desktop Processor",Premium,176.4389,31406.1242
2021-02-01,A1521150601,69,"AQ Electron 3 3600 Desktop Processor",Standard,186.2917,12854.1273
2021-02-01,A1521150602,55,"AQ Electron 3 3600 Desktop Processor",Plus,185.4599,10200.2945
2021-02-01,A1618150101,45,"AQ MB Elite",Standard,19.6485,884.1825
2021-02-01,A1618150102,134,"AQ MB Elite","Plus 1",20.4629,2742.0286
2021-02-01,A1618150103,91,"AQ MB Elite","Plus 2",21.2017,1929.3547
2021-02-01,A1618150104,88,"AQ MB Elite",Premium,21.4489,1887.5032
2021-02-01,A1718150201,81,"AQ MB Crossx",Standard,21.8879,1772.9199
2021-02-01,A1718150202,137,"AQ MB Crossx","Plus 1",22.8957,3136.7109
2021-02-01,A1718150203,37,"AQ MB Crossx","Plus 2",27.3445,1011.7465
2021-02-01,A1718150204,122,"AQ MB Crossx",Premium,28.3991,3464.6902
2021-02-01,A1819150301,46,"AQ MB Crossx 2",Standard,28.8615,1327.6290
2021-02-01,A1819150302,18,"AQ MB Crossx 2","Plus 1",31.9525,575.1450
2021-02-01,A1819150303,36,"AQ MB Crossx 2","Plus 2",32.1924,1158.9264
2021-02-01,A1819150304,35,"AQ MB Crossx 2",Premium,32.2612,1129.1420
2021-02-01,A1919150401,58,"AQ MB Lito",Standard,33.7609,1958.1322
2021-02-01,A1919150402,30,"AQ MB Lito","Plus 1",35.0256,1050.7680
2021-02-01,A1919150403,131,"AQ MB Lito","Plus 2",35.8350,4694.3850
2021-02-01,A1920150404,111,"AQ MB Lito",Premium,38.9780,4326.5580
2021-02-01,A2020150501,99,"AQ MB Lito 2",Standard,41.3696,4095.5904
2021-02-01,A2020150502,92,"AQ MB Lito 2","Plus 1",39.3932,3624.1744
2021-02-01,A2021150503,37,"AQ MB Lito 2","Plus 2",45.4377,1681.1949
2021-02-01,A2118150101,485,"AQ Master wired x1 Ms","Standard 1",2.9434,1427.5490
2021-02-01,A2118150102,765,"AQ Master wired x1 Ms","Standard 2",3.9998,3059.8470
2021-02-01,A2118150103,934,"AQ Master wired x1 Ms","Plus 1",4.5295,4230.5530
2021-02-01,A2118150104,1005,"AQ Master wired x1 Ms","Plus 2",5.0459,5071.1295
2021-02-01,A2118150105,963,"AQ Master wired x1 Ms","Premium 1",4.6904,4516.8552
2021-02-01,A2118150106,374,"AQ Master wired x1 Ms","Premium 2",5.2542,1965.0708
2021-02-01,A2218150201,1038,"AQ Master wireless x1 Ms","Standard 1",5.4383,5644.9554
2021-02-01,A2218150202,892,"AQ Master wireless x1 Ms","Standard 2",6.4054,5713.6168
2021-02-01,A2219150203,268,"AQ Master wireless x1 Ms","Plus 1",6.7301,1803.6668
2021-02-01,A2219150204,948,"AQ Master wireless x1 Ms","Plus 2",7.3526,6970.2648
2021-02-01,A2219150205,1015,"AQ Master wireless x1 Ms","Premium 1",7.9813,8101.0195
2021-02-01,A2219150206,372,"AQ Master wireless x1 Ms","Premium 2",8.3193,3094.7796
2021-02-01,A2319150301,693,"AQ Gamers Ms","Standard 1",8.8044,6101.4492
2021-02-01,A2319150302,743,"AQ Gamers Ms","Standard 2",8.9901,6679.6443
2021-02-01,A2319150303,730,"AQ Gamers Ms","Plus 1",9.3977,6860.3210
2021-02-01,A2319150304,1000,"AQ Gamers Ms","Plus 2",10.4573,10457.3000
2021-02-01,A2319150305,497,"AQ Gamers Ms","Premium 1",10.4370,5187.1890
2021-02-01,A2319150306,605,"AQ Gamers Ms","Premium 2",10.8659,6573.8695
2021-02-01,A2419150401,208,"AQ Lite Ms","Standard 1",11.4829,2388.4432
2021-02-01,A2419150402,264,"AQ Lite Ms","Standard 2",11.2819,2978.4216
2021-02-01,A2419150403,661,"AQ Lite Ms","Plus 1",10.8925,7199.9425
2021-02-01,A2419150404,682,"AQ Lite Ms","Plus 2",11.6332,7933.8424
2021-02-01,A2419150405,867,"AQ Lite Ms","Premium 1",12.7423,11047.5741
2021-02-01,A2420150406,119,"AQ Lite Ms","Premium 2",12.2979,1463.4501
2021-02-01,A2520150501,701,"AQ Maxima Ms","Standard 1",12.0689,8460.2989
2021-02-01,A2520150502,555,"AQ Maxima Ms","Standard 2",14.5267,8062.3185
2021-02-01,A2520150503,341,"AQ Maxima Ms","Plus 1",14.1682,4831.3562
2021-02-01,A2520150504,279,"AQ Maxima Ms","Plus 2",14.2800,3984.1200
2021-02-01,A2520150505,447,"AQ Maxima Ms","Premium 1",15.1762,6783.7614
2021-02-01,A2520150506,262,"AQ Maxima Ms","Premium 2",14.5677,3816.7374
2021-02-01,A2620150601,352,"AQ Qwerty Ms","Standard 1",14.9013,5245.2576
2021-02-01,A2620150602,183,"AQ Qwerty Ms","Standard 2",15.8102,2893.2666
2021-02-01,A2620150603,218,"AQ Qwerty Ms","Plus 1",15.9792,3483.4656
2021-02-01,A2620150604,686,"AQ Qwerty Ms","Plus 2",16.5491,11352.6826
2021-02-01,A2620150605,302,"AQ Qwerty Ms","Premium 1",16.5882,5009.6364
2021-02-01,A2620150606,347,"AQ Qwerty Ms","Premium 2",16.7850,5824.3950
2021-02-01,A2720150701,560,"AQ Trigger Ms","Standard 1",17.0917,9571.3520
2021-02-01,A2721150702,137,"AQ Trigger Ms","Standard 2",17.2368,2361.4416
2021-02-01,A2721150703,788,"AQ Trigger Ms","Plus 1",16.9353,13345.0164
2021-02-01,A2721150704,701,"AQ Trigger Ms","Plus 2",19.5860,13729.7860
2021-02-01,A2721150705,166,"AQ Trigger Ms","Premium 1",19.4042,3221.0972
2021-02-01,A2721150706,106,"AQ Trigger Ms","Premium 2",20.0537,2125.6922
2021-02-01,A2821150801,938,"AQ Lumina Ms","Standard 1",21.7118,20365.6684
2021-02-01,A2918150101,326,"AQ Master wired x1","Standard 1",6.8991,2249.1066
2021-02-01,A2918150102,364,"AQ Master wired x1","Standard 2",7.5979,2765.6356
2021-02-01,A2918150103,709,"AQ Master wired x1","Plus 1",7.7693,5508.4337
2021-02-01,A2918150104,727,"AQ Master wired x1","Plus 2",8.9514,6507.6678
2021-02-01,A2918150105,535,"AQ Master wired x1","Premium 1",9.4650,5063.7750
2021-02-01,A2918150106,519,"AQ Master wired x1","Premium 2",10.4188,5407.3572
2021-02-01,A3018150201,822,"AQ Master wireless x1","Standard 1",10.7955,8873.9010
2021-02-01,A3018150202,788,"AQ Master wireless x1","Standard 2",11.0524,8709.2912
2021-02-01,A3018150203,808,"AQ Master wireless x1","Plus 1",12.3739,9998.1112
2021-02-01,A3019150204,95,"AQ Master wireless x1","Plus 2",11.6011,1102.1045
2021-02-01,A3019150205,563,"AQ Master wireless x1","Premium 1",12.0509,6784.6567
2021-02-01,A3019150206,644,"AQ Master wireless x1","Premium 2",13.0018,8373.1592
2021-02-01,A3119150301,565,"AQ Gamers ","Standard 1",13.5061,7630.9465
2021-02-01,A3119150302,818,"AQ Gamers ","Standard 2",15.3071,12521.2078
2021-02-01,A3119150303,818,"AQ Gamers ","Plus 1",16.2407,13284.8926
2021-02-01,A3120150304,225,"AQ Gamers ","Plus 2",16.3792,3685.3200
2021-02-01,A3120150305,649,"AQ Gamers ","Premium 1",16.3218,10592.8482
2021-02-01,A3120150306,588,"AQ Gamers ","Premium 2",19.3003,11348.5764
2021-02-01,A3220150401,120,"AQ Lite","Standard 1",18.4943,2219.3160
2021-02-01,A3220150402,720,"AQ Lite","Standard 2",18.7947,13532.1840
2021-02-01,A3220150403,227,"AQ Lite","Plus 1",18.5844,4218.6588
2021-02-01,A3220150404,783,"AQ Lite","Plus 2",18.4219,14424.3477
2021-02-01,A3220150405,540,"AQ Lite","Premium 1",18.9415,10228.4100
2021-02-01,A3220150406,618,"AQ Lite","Premium 2",20.0066,12364.0788
2021-02-01,A3320150501,442,"AQ Maxima","Standard 1",20.3908,9012.7336
2021-02-01,A3320150502,225,"AQ Maxima","Standard 2",21.6988,4882.2300
2021-02-01,A3320150503,565,"AQ Maxima","Plus 1",20.8733,11793.4145
2021-02-01,A3320150504,482,"AQ Maxima","Plus 2",22.1341,10668.6362
2021-02-01,A3320150505,623,"AQ Maxima","Premium 1",23.0844,14381.5812
2021-02-01,A3320150506,762,"AQ Maxima","Premium 2",23.7678,18111.0636
2021-02-01,A3420150601,799,"AQ Qwerty","Standard 1",24.5690,19630.6310
2021-02-01,A3420150602,324,"AQ Qwerty","Standard 2",23.9726,7767.1224
2021-02-01,A3421150603,442,"AQ Qwerty","Plus 1",26.9507,11912.2094
2021-02-01,A3421150604,820,"AQ Qwerty","Plus 2",27.4152,22480.4640
2021-02-01,A3421150605,825,"AQ Qwerty","Premium 1",29.8692,24642.0900
2021-02-01,A3421150606,209,"AQ Qwerty","Premium 2",29.6709,6201.2181
2021-02-01,A3521150701,475,"AQ Trigger","Standard 1",29.3872,13958.9200
2021-02-01,A3521150702,363,"AQ Trigger","Standard 2",30.3414,11013.9282
2021-02-01,A3521150703,312,"AQ Trigger","Plus 1",31.7665,9911.1480
2021-02-01,A3521150704,623,"AQ Trigger","Plus 2",33.6246,20948.1258
2021-02-01,A3521150705,327,"AQ Trigger","Premium 1",34.5114,11285.2278
2021-02-01,A3718150101,46,"AQ LION x1",Standard,16.5127,759.5842
2021-02-01,A3718150102,74,"AQ LION x1","Plus 1 ",16.1015,1191.5110
2021-02-01,A3718150103,64,"AQ LION x1","Plus 2",17.5697,1124.4608
2021-02-01,A3718150105,69,"AQ LION x1",Premium,18.0312,1244.1528
2021-02-01,A3818150201,36,"AQ LION x2",Standard,17.2648,621.5328
2021-02-01,A3818150202,61,"AQ LION x2","Plus 1 ",17.5197,1068.7017
2021-02-01,A3819150203,10,"AQ LION x2","Plus 2",18.4533,184.5330
2021-02-01,A3819150204,38,"AQ LION x2","Plus 3",21.1942,805.3796
2021-02-01,A3819150205,59,"AQ LION x2",Premium,21.6066,1274.7894
2021-02-01,A3920150301,27,"AQ LION x3",Standard,22.1454,597.9258
2021-02-01,A3920150302,13,"AQ LION x3","Plus 1 ",23.1520,300.9760
2021-02-01,A3920150303,36,"AQ LION x3","Plus 2",25.4670,916.8120
2021-02-01,A3920150304,30,"AQ LION x3","Plus 3",25.0442,751.3260
2021-02-01,A3920150305,28,"AQ LION x3",Premium,27.4546,768.7288
2021-02-01,A4020150401,49,"AQ Mx NB",Standard,26.9302,1319.5798
2021-02-01,A4020150402,69,"AQ Mx NB","Plus 1 ",28.4500,1963.0500
2021-02-01,A4021150403,69,"AQ Mx NB","Plus 2",29.9423,2066.0187
2021-02-01,A4021150404,58,"AQ Mx NB","Plus 3",28.5800,1657.6400
2021-02-01,A4021150405,34,"AQ Mx NB",Premium,31.7029,1077.8986
2021-02-01,A4118110105,22,"AQ Aspiron","Plus Blue",182.8932,4023.6504
2021-02-01,A4118110106,16,"AQ Aspiron","Plus Red",187.7533,3004.0528
2021-02-01,A4118110107,32,"AQ Aspiron","Premium Black",195.7721,6264.7072
2021-02-01,A4218110201,23,"AQ Digit","Standard Grey",200.2732,4606.2836
2021-02-01,A4218110202,31,"AQ Digit","Standard Blue",215.9341,6693.9571
2021-02-01,A4218110203,40,"AQ Digit","Standard Red",236.8486,9473.9440
2021-02-01,A4218110204,36,"AQ Digit","Plus Grey",232.1038,8355.7368
2021-02-01,A4218110205,24,"AQ Digit","Plus Blue",240.1403,5763.3672
2021-02-01,A4218110206,11,"AQ Digit","Plus Red",237.0183,2607.2013
2021-02-01,A4218110207,9,"AQ Digit","Premium Black",249.1303,2242.1727
2021-02-01,A4218110208,14,"AQ Digit","Premium Misty Green",243.0414,3402.5796
2021-02-01,A4318110301,36,"AQ Velocity","Standard Grey",264.7000,9529.2000
2021-02-01,A4319110302,36,"AQ Velocity","Standard Blue",267.2091,9619.5276
2021-02-01,A4319110303,24,"AQ Velocity","Standard Red",261.2305,6269.5320
2021-02-01,A4319110304,28,"AQ Velocity","Plus Grey",267.0636,7477.7808
2021-02-01,A4319110305,33,"AQ Velocity","Plus Blue",277.8079,9167.6607
2021-02-01,A4319110306,35,"AQ Velocity","Plus Red",275.8194,9653.6790
2021-02-01,A4419110401,11,"AQ Elite","Standard Grey",271.3471,2984.8181
2021-02-01,A4419110402,22,"AQ Elite","Standard Blue",281.9504,6202.9088
2021-02-01,A4419110403,36,"AQ Elite","Standard Red",288.0503,10369.8108
2021-02-01,A4419110404,10,"AQ Elite","Plus Grey",286.8973,2868.9730
2021-02-01,A4419110405,37,"AQ Elite","Plus Blue",291.2071,10774.6627
2021-02-01,A4419110406,34,"AQ Elite","Plus Red",287.5666,9777.2644
2021-02-01,A4419110407,17,"AQ Elite","Premium Black",287.4934,4887.3878
2021-02-01,A4419110408,12,"AQ Elite","Premium Misty Green",297.0277,3564.3324
2021-02-01,A4519110501,35,"AQ Gen X","Standard Grey",311.8396,10914.3860
2021-02-01,A4519110502,16,"AQ Gen X","Standard Blue",300.3378,4805.4048
2021-02-01,A4519110503,7,"AQ Gen X","Standard Red",306.9189,2148.4323
2021-02-01,A4520110504,19,"AQ Gen X","Plus Grey",341.7343,6492.9517
2021-02-01,A4520110505,19,"AQ Gen X","Plus Blue",325.2156,6179.0964
2021-02-01,A4520110506,25,"AQ Gen X","Plus Red",325.2561,8131.4025
2021-02-01,A4520110507,21,"AQ Gen X","Premium Black",322.9426,6781.7946
2021-02-01,A4520110508,28,"AQ Gen X","Premium Misty Green",327.0930,9158.6040
2021-02-01,A4620110601,7,"AQ Gen Y","Standard Grey",347.2474,2430.7318
2021-02-01,A4620110602,37,"AQ Gen Y","Standard Blue",346.6886,12827.4782
2021-02-01,A4620110603,32,"AQ Gen Y","Standard Red",366.0459,11713.4688
2021-02-01,A4620110604,38,"AQ Gen Y","Plus Grey",353.0982,13417.7316
2021-02-01,A4620110605,7,"AQ Gen Y","Plus Blue",349.2525,2444.7675
2021-02-01,A4620110606,15,"AQ Gen Y","Plus Red",348.5375,5228.0625
2021-02-01,A4620110607,23,"AQ Gen Y","Premium Black",347.8030,7999.4690
2021-02-01,A4620110608,27,"AQ Gen Y","Premium Misty Green",363.0630,9802.7010
2021-02-01,A4720110701,40,"AQ GEN Z","Standard Grey",367.7335,14709.3400
2021-02-01,A4720110702,22,"AQ GEN Z","Standard Blue",371.4027,8170.8594
2021-02-01,A4721110703,10,"AQ GEN Z","Standard Red",361.6496,3616.4960
2021-02-01,A4721110704,40,"AQ GEN Z","Plus Grey",380.2153,15208.6120
2021-02-01,A4721110705,11,"AQ GEN Z","Plus Blue",377.4069,4151.4759
2021-02-01,A4918110101,21,"AQ BZ 101","Standard Grey",419.1936,8803.0656
2021-02-01,A4918110102,11,"AQ BZ 101","Standard Blue",451.4881,4966.3691
2021-02-01,A4918110103,5,"AQ BZ 101","Premium Black",428.1451,2140.7255
2021-02-01,A4918110104,24,"AQ BZ 101","Premium Misty Green",460.2805,11046.7320
2021-02-01,A5018110201,14,"AQ BZ Compact","Standard Grey",451.7049,6323.8686
2021-02-01,A5018110202,9,"AQ BZ Compact","Standard Blue",462.5568,4163.0112
2021-02-01,A5018110203,22,"AQ BZ Compact","Standard Red",452.1420,9947.1240
2021-02-01,A5018110204,12,"AQ BZ Compact","Plus Grey",447.7337,5372.8044
2021-02-01,A5018110205,12,"AQ BZ Compact","Plus Blue",486.1763,5834.1156
2021-02-01,A5018110206,26,"AQ BZ Compact","Plus Red",475.5544,12364.4144
2021-02-01,A5018110207,24,"AQ BZ Compact","Premium Black",475.1904,11404.5696
2021-02-01,A5019110208,10,"AQ BZ Compact","Premium Misty Green",467.3047,4673.0470
2021-02-01,A5119110301,19,"AQ BZ Gen Y","Standard Grey",479.0441,9101.8379
2021-02-01,A5119110302,16,"AQ BZ Gen Y","Standard Blue",474.3132,7589.0112
2021-02-01,A5119110303,24,"AQ BZ Gen Y","Standard Red",474.3154,11383.5696
2021-02-01,A5119110305,17,"AQ BZ Gen Y","Plus Blue",483.3813,8217.4821
2021-02-01,A5119110306,16,"AQ BZ Gen Y","Plus Red",486.4857,7783.7712
2021-02-01,A5119110307,20,"AQ BZ Gen Y","Premium Black",516.4580,10329.1600
2021-02-01,A5119110308,23,"AQ BZ Gen Y","Premium Misty Green",512.5811,11789.3653
2021-02-01,A5219110401,20,"AQ BZ Gen Z","Standard Grey",506.9644,10139.2880
2021-02-01,A5219110402,11,"AQ BZ Gen Z","Standard Blue",490.1582,5391.7402
2021-02-01,A5219110403,26,"AQ BZ Gen Z","Standard Red",525.8042,13670.9092
2021-02-01,A5219110405,24,"AQ BZ Gen Z","Plus Blue",521.2603,12510.2472
2021-02-01,A5219110406,15,"AQ BZ Gen Z","Plus Red",550.4597,8256.8955
2021-02-01,A5219110407,7,"AQ BZ Gen Z","Premium Black",545.5931,3819.1517
2021-02-01,A5220110408,9,"AQ BZ Gen Z","Premium Misty Green",533.0397,4797.3573
2021-02-01,A5318110103,6,"AQ Gamer 1","Standard Black",584.9722,3509.8332
2021-02-01,A5318110104,8,"AQ Gamer 1","Plus Firey Red",586.3824,4691.0592
2021-02-01,A5318110105,9,"AQ Gamer 1","Plus Cool Blue",551.3303,4961.9727
2021-02-01,A5318110106,4,"AQ Gamer 1","Plus Black",565.8747,2263.4988
2021-02-01,A5318110107,13,"AQ Gamer 1","Premium Black",571.6489,7431.4357
2021-02-01,A5318110108,7,"AQ Gamer 1","Premium Misty Green",579.6609,4057.6263
2021-02-01,A5419110201,3,"AQ Gamer 2","Standard Firey Red",585.0003,1755.0009
2021-02-01,A5419110202,17,"AQ Gamer 2","Standard Cool Blue",567.9271,9654.7607
2021-02-01,A5419110203,8,"AQ Gamer 2","Standard Black",595.5711,4764.5688
2021-02-01,A5419110204,7,"AQ Gamer 2","Plus Firey Red",602.9200,4220.4400
2021-02-01,A5419110205,8,"AQ Gamer 2","Plus Cool Blue",570.7578,4566.0624
2021-02-01,A5419110206,13,"AQ Gamer 2","Plus Black",601.6398,7821.3174
2021-02-01,A5419110207,12,"AQ Gamer 2","Premium Black",599.2302,7190.7624
2021-02-01,A5419110208,15,"AQ Gamer 2","Premium Misty Green",608.4070,9126.1050
2021-02-01,A5519110301,5,"AQ Gamer 3","Standard Firey Red",589.7411,2948.7055
2021-02-01,A5519110302,15,"AQ Gamer 3","Standard Cool Blue",605.8642,9087.9630
2021-02-01,A5519110303,16,"AQ Gamer 3","Standard Black",604.2721,9668.3536
2021-02-01,A5519110304,8,"AQ Gamer 3","Plus Firey Red",597.7704,4782.1632
2021-02-01,A5520110305,11,"AQ Gamer 3","Plus Cool Blue",632.4885,6957.3735
2021-02-01,A5520110306,3,"AQ Gamer 3","Plus Black",639.6816,1919.0448
2021-02-01,A5520110307,14,"AQ Gamer 3","Premium Black",609.7926,8537.0964
2021-02-01,A5520110308,6,"AQ Gamer 3","Premium Misty Green",590.1159,3540.6954
2021-02-01,A5620110401,16,"AQ Smash 1","Standard Firey Red",642.0698,10273.1168
2021-02-01,A5620110402,15,"AQ Smash 1","Standard Cool Blue",593.8297,8907.4455
2021-02-01,A5621110403,16,"AQ Smash 1","Standard Black",631.1855,10098.9680
2021-02-01,A5621110404,16,"AQ Smash 1","Plus Firey Red",639.9614,10239.3824
2021-02-01,A5621110405,9,"AQ Smash 1","Plus Cool Blue",601.8173,5416.3557
2021-02-01,A5621110406,9,"AQ Smash 1","Plus Black",644.3777,5799.3993
2021-02-01,A5621110407,8,"AQ Smash 1","Premium Black",655.7782,5246.2256
2021-02-01,A5621110408,12,"AQ Smash 1","Premium Misty Green",657.2525,7887.0300
2021-02-01,A5721110501,14,"AQ Smash 2","Standard Firey Red",649.6929,9095.7006
2021-02-01,A5721110502,14,"AQ Smash 2","Standard Cool Blue",627.9938,8791.9132
2021-02-01,A5721110503,8,"AQ Smash 2","Standard Black",678.3035,5426.4280
2021-02-01,A5721110504,9,"AQ Smash 2","Plus Firey Red",655.8348,5902.5132
2021-02-01,A5721110505,5,"AQ Smash 2","Plus Cool Blue",674.4272,3372.1360
2021-02-01,A5721110506,15,"AQ Smash 2","Plus Black",720.5460,10808.1900
2021-02-01,A5820110101,15,"AQ BZ Allin1","Standard 1",681.3022,10219.5330
2021-02-01,A5820110102,9,"AQ BZ Allin1","Standard 2",697.5541,6277.9869
2021-02-01,A5820110103,14,"AQ BZ Allin1","Standard 3",735.1465,10292.0510
2021-02-01,A5820110104,20,"AQ BZ Allin1","Plus 1",690.4971,13809.9420
2021-02-01,A5820110105,23,"AQ BZ Allin1","Plus 2",709.3926,16316.0298
2021-02-01,A5820110106,27,"AQ BZ Allin1","Plus 3",692.5242,18698.1534
2021-02-01,A5820110107,8,"AQ BZ Allin1","Premium 1",737.6775,5901.4200
2021-02-01,A5821110108,27,"AQ BZ Allin1","Premium 2",746.7388,20161.9476
2021-02-01,A6018110101,2,"AQ Home Allin1","Standard 1",800.4577,1600.9154
2021-02-01,A6018110102,2,"AQ Home Allin1","Standard 2",764.0542,1528.1084
2021-02-01,A6018110103,2,"AQ Home Allin1","Standard 3",770.9789,1541.9578
2021-02-01,A6018110104,5,"AQ Home Allin1","Plus 1",749.0987,3745.4935
2021-02-01,A6018110105,3,"AQ Home Allin1","Plus 2",766.6472,2299.9416
2021-02-01,A6018110106,1,"AQ Home Allin1","Plus 3",787.5874,787.5874
2021-02-01,A6019110107,5,"AQ Home Allin1","Premium 1",785.9918,3929.9590
2021-02-01,A6019110108,2,"AQ Home Allin1","Premium 2",796.6606,1593.3212
2021-02-01,A6119110201,2,"AQ HOME Allin1 Gen 2","Standard 1",824.0889,1648.1778
2021-02-01,A6119110202,3,"AQ HOME Allin1 Gen 2","Standard 2",790.1040,2370.3120
2021-02-01,A6119110203,5,"AQ HOME Allin1 Gen 2","Standard 3",769.5635,3847.8175
2021-02-01,A6119110204,4,"AQ HOME Allin1 Gen 2","Plus 1",807.2638,3229.0552
2021-02-01,A6120110205,5,"AQ HOME Allin1 Gen 2","Plus 2",834.9812,4174.9060
2021-02-01,A6120110206,3,"AQ HOME Allin1 Gen 2","Plus 3",810.6034,2431.8102
2021-02-01,A6218160101,944,"AQ Digit SSD",Standard,13.5941,12832.8304
2021-02-01,A6218160102,141,"AQ Digit SSD",Plus,15.2481,2149.9821
2021-02-01,A6219160103,468,"AQ Digit SSD",Premium,16.3003,7628.5404
2021-02-01,A6319160201,370,"AQ Neuer SSD",Standard,17.3590,6422.8300
2021-02-01,A6319160202,503,"AQ Neuer SSD",Plus,18.5733,9342.3699
2021-02-01,A6319160203,765,"AQ Neuer SSD",Premium,19.3433,14797.6245
2021-02-01,A6419160301,341,"AQ Clx1",Standard,17.8043,6071.2663
2021-02-01,A6419160302,763,"AQ Clx1",Plus,19.6723,15009.9649
2021-02-01,A6419160303,799,"AQ Clx1",Premium,19.3342,15448.0258
2021-02-01,A6519160401,483,"AQ Clx2",Standard,20.2889,9799.5387
2021-02-01,A6520160402,595,"AQ Clx2",Plus,20.1650,11998.1750
2021-02-01,A6520160403,362,"AQ Clx2",Premium,21.2830,7704.4460
2021-02-01,A6620160501,905,"AQ Clx3",Standard,22.8530,20681.9650
2021-02-01,A6720160103,1281,"AQ Pen Drive 2 IN 1",Premium,4.4411,5689.0491
2021-02-01,A6818160201,1299,"AQ Pen Drive DRC",Standard,2.9990,3895.7010
2021-02-01,A6818160202,345,"AQ Pen Drive DRC",Plus,3.8531,1329.3195
2021-02-01,A6819160203,370,"AQ Pen Drive DRC",Premium,5.0984,1886.4080
2021-02-01,A7118160101,338,"AQ Wi Power Dx1",Standard,29.6712,10028.8656
2021-02-01,A7119160102,683,"AQ Wi Power Dx1",Plus,29.9264,20439.7312
2021-02-01,A7119160103,465,"AQ Wi Power Dx1",Premium,28.7736,13379.7240
2021-02-01,A7219160201,353,"AQ Wi Power Dx2",Standard,32.9575,11633.9975
2021-02-01,A7220160202,567,"AQ Wi Power Dx2",Plus,35.2053,19961.4051
2021-02-01,A7220160203,559,"AQ Wi Power Dx2",Premium,37.4784,20950.4256
2021-02-01,A7321160301,615,"AQ Wi Power Dx3",Standard,40.7954,25089.1710
2021-02-01,A7321160302,717,"AQ Wi Power Dx3",Plus,43.9446,31508.2782
2021-02-01,A7321160303,186,"AQ Wi Power Dx3",Premium,42.8483,7969.7838
2021-04-01,A0118150101,199,"AQ Dracula HDD – 3.5 Inch SATA 6 Gb/s 5400 RPM 256 MB Cache",Standard,19.0573,3792.4027
2021-04-01,A0118150102,247,"AQ Dracula HDD – 3.5 Inch SATA 6 Gb/s 5400 RPM 256 MB Cache",Plus,21.4565,5299.7555
2021-04-01,A0118150103,186,"AQ Dracula HDD – 3.5 Inch SATA 6 Gb/s 5400 RPM 256 MB Cache",Premium,21.7795,4050.9870
2021-04-01,A0118150104,27,"AQ Dracula HDD – 3.5 Inch SATA 6 Gb/s 5400 RPM 256 MB Cache","Premium Plus",22.9729,620.2683
2021-04-01,A0219150201,81,"AQ WereWolf NAS Internal Hard Drive HDD – 8.89 cm",Standard,23.6987,1919.5947
2021-04-01,A0219150202,38,"AQ WereWolf NAS Internal Hard Drive HDD – 8.89 cm",Plus,24.7312,939.7856
2021-04-01,A0220150203,188,"AQ WereWolf NAS Internal Hard Drive HDD – 8.89 cm",Premium,23.6154,4439.6952
2021-04-01,A0320150301,232,"AQ Zion Saga",Standard,23.7223,5503.5736
2021-04-01,A0321150302,86,"AQ Zion Saga",Plus,27.1027,2330.8322
2021-04-01,A0321150303,95,"AQ Zion Saga",Premium,28.0059,2660.5605
2021-04-01,A0418150103,33,"AQ Mforce Gen X","Standard 3",19.5235,644.2755
2021-04-01,A0418150104,32,"AQ Mforce Gen X","Plus 1",19.9239,637.5648
2021-04-01,A0418150105,186,"AQ Mforce Gen X","Plus 2",20.0766,3734.2476
2021-04-01,A0418150106,88,"AQ Mforce Gen X","Plus 3",19.9365,1754.4120
2021-04-01,A0519150201,50,"AQ Mforce Gen Y","Standard 1",22.3984,1119.9200
2021-04-01,A0519150202,151,"AQ Mforce Gen Y","Standard 2",24.9298,3764.3998
2021-04-01,A0519150203,31,"AQ Mforce Gen Y","Standard 3",26.5871,824.2001
2021-04-01,A0519150204,174,"AQ Mforce Gen Y","Plus 1",26.1081,4542.8094
2021-04-01,A0519150205,70,"AQ Mforce Gen Y","Plus 2",29.7008,2079.0560
2021-04-01,A0519150206,64,"AQ Mforce Gen Y","Plus 3",31.2439,1999.6096
2021-04-01,A0519150207,119,"AQ Mforce Gen Y","Premium 1",32.4427,3860.6813
2021-04-01,A0519150208,130,"AQ Mforce Gen Y","Premium 2",30.5816,3975.6080
2021-04-01,A0619150301,42,"AQ Mforce Gen Z","Standard 1",30.4696,1279.7232
2021-04-01,A0619150302,101,"AQ Mforce Gen Z","Standard 2",34.0973,3443.8273
2021-04-01,A0620150303,114,"AQ Mforce Gen Z","Standard 3",34.2412,3903.4968
2021-04-01,A0620150304,94,"AQ Mforce Gen Z","Plus 1",37.5826,3532.7644
2021-04-01,A0620150305,182,"AQ Mforce Gen Z","Plus 2",36.5679,6655.3578
2021-04-01,A0620150306,56,"AQ Mforce Gen Z","Plus 3",37.5278,2101.5568
2021-04-01,A0621150307,165,"AQ Mforce Gen Z","Premium 1",36.2434,5980.1610
2021-04-01,A0621150308,154,"AQ Mforce Gen Z","Premium 2",39.3990,6067.4460
2021-04-01,A0721150401,170,"AQ GT 21",Standard,39.3377,6687.4090
2021-04-01,A0721150402,22,"AQ GT 21","Plus 1",39.1465,861.2230
2021-04-01,A0721150403,136,"AQ GT 21","Plus 2",39.2990,5344.6640
2021-04-01,A0721150404,44,"AQ GT 21",Premium,39.1215,1721.3460
2021-04-01,A0821150501,164,"AQ Marquee P3",Standard,40.5013,6642.2132
2021-04-01,A0821150502,196,"AQ Marquee P3","Plus 1",43.2966,8486.1336
2021-04-01,A0821150503,113,"AQ Marquee P3","Plus 2",42.3841,4789.4033
2021-04-01,A0821150504,169,"AQ Marquee P3",Premium,44.7044,7555.0436
2021-04-01,A0921150601,160,"AQ Marquee P4",Standard,45.0813,7213.0080
2021-04-01,A1018150101,45,"AQ 5000 Series Electron 9 5900X Desktop Processor",Standard,111.1036,4999.6620
2021-04-01,A1018150102,52,"AQ 5000 Series Electron 9 5900X Desktop Processor",Plus,123.4797,6420.9444
2021-04-01,A1018150103,114,"AQ 5000 Series Electron 9 5900X Desktop Processor",Premium,123.9315,14128.1910
2021-04-01,A1118150201,143,"AQ 5000 Series Electron 8 5900X Desktop Processor",Standard,124.2640,17769.7520
2021-04-01,A1118150202,101,"AQ 5000 Series Electron 8 5900X Desktop Processor",Plus,129.5836,13087.9436
2021-04-01,A1119150203,163,"AQ 5000 Series Electron 8 5900X Desktop Processor",Premium,139.8962,22803.0806
2021-04-01,A1219150301,39,"AQ 5000 Series Ultron 8 5900X Desktop Processor",Standard,135.6822,5291.6058
2021-04-01,A1219150302,161,"AQ 5000 Series Ultron 8 5900X Desktop Processor",Plus,145.1474,23368.7314
2021-04-01,A1219150303,169,"AQ 5000 Series Ultron 8 5900X Desktop Processor",Premium,142.9402,24156.8938
2021-04-01,A1319150401,30,"AQ Electron 5 3600 Desktop Processor",Standard,149.1034,4473.1020
2021-04-01,A1320150402,96,"AQ Electron 5 3600 Desktop Processor",Plus,150.2450,14423.5200
2021-04-01,A1320150403,89,"AQ Electron 5 3600 Desktop Processor",Premium,160.6912,14301.5168
2021-04-01,A1420150501,123,"AQ Electron 4 3600 Desktop Processor",Standard,160.5082,19742.5086
2021-04-01,A1420150502,172,"AQ Electron 4 3600 Desktop Processor",Plus,169.4999,29153.9828
2021-04-01,A1421150503,102,"AQ Electron 4 3600 Desktop Processor",Premium,176.4389,17996.7678
2021-04-01,A1521150601,95,"AQ Electron 3 3600 Desktop Processor",Standard,186.2917,17697.7115
2021-04-01,A1521150602,45,"AQ Electron 3 3600 Desktop Processor",Plus,185.4599,8345.6955
2021-04-01,A1618150101,83,"AQ MB Elite",Standard,19.6485,1630.8255
2021-04-01,A1618150102,83,"AQ MB Elite","Plus 1",20.4629,1698.4207
2021-04-01,A1618150103,110,"AQ MB Elite","Plus 2",21.2017,2332.1870
2021-04-01,A1618150104,141,"AQ MB Elite",Premium,21.4489,3024.2949
2021-04-01,A1718150201,81,"AQ MB Crossx",Standard,21.8879,1772.9199
2021-04-01,A1718150202,101,"AQ MB Crossx","Plus 1",22.8957,2312.4657
2021-04-01,A1718150203,76,"AQ MB Crossx","Plus 2",27.3445,2078.1820
2021-04-01,A1718150204,132,"AQ MB Crossx",Premium,28.3991,3748.6812
2021-04-01,A1819150301,40,"AQ MB Crossx 2",Standard,28.8615,1154.4600
2021-04-01,A1819150302,143,"AQ MB Crossx 2","Plus 1",31.9525,4569.2075
2021-04-01,A1819150303,36,"AQ MB Crossx 2","Plus 2",32.1924,1158.9264
2021-04-01,A1819150304,85,"AQ MB Crossx 2",Premium,32.2612,2742.2020
2021-04-01,A1919150401,50,"AQ MB Lito",Standard,33.7609,1688.0450
2021-04-01,A1919150402,45,"AQ MB Lito","Plus 1",35.0256,1576.1520
2021-04-01,A1919150403,73,"AQ MB Lito","Plus 2",35.8350,2615.9550
2021-04-01,A1920150404,47,"AQ MB Lito",Premium,38.9780,1831.9660
2021-04-01,A2020150501,78,"AQ MB Lito 2",Standard,41.3696,3226.8288
2021-04-01,A2020150502,79,"AQ MB Lito 2","Plus 1",39.3932,3112.0628
2021-04-01,A2021150503,98,"AQ MB Lito 2","Plus 2",45.4377,4452.8946
2021-04-01,A2118150101,291,"AQ Master wired x1 Ms","Standard 1",2.9434,856.5294
2021-04-01,A2118150102,657,"AQ Master wired x1 Ms","Standard 2",3.9998,2627.8686
2021-04-01,A2118150103,944,"AQ Master wired x1 Ms","Plus 1",4.5295,4275.8480
2021-04-01,A2118150104,907,"AQ Master wired x1 Ms","Plus 2",5.0459,4576.6313
2021-04-01,A2118150105,362,"AQ Master wired x1 Ms","Premium 1",4.6904,1697.9248
2021-04-01,A2118150106,940,"AQ Master wired x1 Ms","Premium 2",5.2542,4938.9480
2021-04-01,A2218150201,173,"AQ Master wireless x1 Ms","Standard 1",5.4383,940.8259
2021-04-01,A2218150202,495,"AQ Master wireless x1 Ms","Standard 2",6.4054,3170.6730
2021-04-01,A2219150203,930,"AQ Master wireless x1 Ms","Plus 1",6.7301,6258.9930
2021-04-01,A2219150204,131,"AQ Master wireless x1 Ms","Plus 2",7.3526,963.1906
2021-04-01,A2219150205,682,"AQ Master wireless x1 Ms","Premium 1",7.9813,5443.2466
2021-04-01,A2219150206,256,"AQ Master wireless x1 Ms","Premium 2",8.3193,2129.7408
2021-04-01,A2319150301,508,"AQ Gamers Ms","Standard 1",8.8044,4472.6352
2021-04-01,A2319150302,428,"AQ Gamers Ms","Standard 2",8.9901,3847.7628
2021-04-01,A2319150303,576,"AQ Gamers Ms","Plus 1",9.3977,5413.0752
2021-04-01,A2319150304,462,"AQ Gamers Ms","Plus 2",10.4573,4831.2726
2021-04-01,A2319150305,256,"AQ Gamers Ms","Premium 1",10.4370,2671.8720
2021-04-01,A2319150306,362,"AQ Gamers Ms","Premium 2",10.8659,3933.4558
2021-04-01,A2419150401,295,"AQ Lite Ms","Standard 1",11.4829,3387.4555
2021-04-01,A2419150402,1025,"AQ Lite Ms","Standard 2",11.2819,11563.9475
2021-04-01,A2419150403,262,"AQ Lite Ms","Plus 1",10.8925,2853.8350
2021-04-01,A2419150404,449,"AQ Lite Ms","Plus 2",11.6332,5223.3068
2021-04-01,A2419150405,745,"AQ Lite Ms","Premium 1",12.7423,9493.0135
2021-04-01,A2420150406,851,"AQ Lite Ms","Premium 2",12.2979,10465.5129
2021-04-01,A2520150501,470,"AQ Maxima Ms","Standard 1",12.0689,5672.3830
2021-04-01,A2520150502,204,"AQ Maxima Ms","Standard 2",14.5267,2963.4468
2021-04-01,A2520150503,376,"AQ Maxima Ms","Plus 1",14.1682,5327.2432
2021-04-01,A2520150504,911,"AQ Maxima Ms","Plus 2",14.2800,13009.0800
2021-04-01,A2520150505,788,"AQ Maxima Ms","Premium 1",15.1762,11958.8456
2021-04-01,A2520150506,597,"AQ Maxima Ms","Premium 2",14.5677,8696.9169
2021-04-01,A2620150601,206,"AQ Qwerty Ms","Standard 1",14.9013,3069.6678
2021-04-01,A2620150602,343,"AQ Qwerty Ms","Standard 2",15.8102,5422.8986
2021-04-01,A2620150603,428,"AQ Qwerty Ms","Plus 1",15.9792,6839.0976
2021-04-01,A2620150604,572,"AQ Qwerty Ms","Plus 2",16.5491,9466.0852
2021-04-01,A2620150605,266,"AQ Qwerty Ms","Premium 1",16.5882,4412.4612
2021-04-01,A2620150606,327,"AQ Qwerty Ms","Premium 2",16.7850,5488.6950
2021-04-01,A2720150701,239,"AQ Trigger Ms","Standard 1",17.0917,4084.9163
2021-04-01,A2721150702,370,"AQ Trigger Ms","Standard 2",17.2368,6377.6160
2021-04-01,A2721150703,782,"AQ Trigger Ms","Plus 1",16.9353,13243.4046
2021-04-01,A2721150704,156,"AQ Trigger Ms","Plus 2",19.5860,3055.4160
2021-04-01,A2721150705,599,"AQ Trigger Ms","Premium 1",19.4042,11623.1158
2021-04-01,A2721150706,229,"AQ Trigger Ms","Premium 2",20.0537,4592.2973
2021-04-01,A2821150801,283,"AQ Lumina Ms","Standard 1",21.7118,6144.4394
2021-04-01,A2918150101,561,"AQ Master wired x1","Standard 1",6.8991,3870.3951
2021-04-01,A2918150102,130,"AQ Master wired x1","Standard 2",7.5979,987.7270
2021-04-01,A2918150103,648,"AQ Master wired x1","Plus 1",7.7693,5034.5064
2021-04-01,A2918150104,699,"AQ Master wired x1","Plus 2",8.9514,6257.0286
2021-04-01,A2918150105,730,"AQ Master wired x1","Premium 1",9.4650,6909.4500
2021-04-01,A2918150106,428,"AQ Master wired x1","Premium 2",10.4188,4459.2464
2021-04-01,A3018150201,815,"AQ Master wireless x1","Standard 1",10.7955,8798.3325
2021-04-01,A3018150202,667,"AQ Master wireless x1","Standard 2",11.0524,7371.9508
2021-04-01,A3018150203,385,"AQ Master wireless x1","Plus 1",12.3739,4763.9515
2021-04-01,A3019150204,544,"AQ Master wireless x1","Plus 2",11.6011,6310.9984
2021-04-01,A3019150205,377,"AQ Master wireless x1","Premium 1",12.0509,4543.1893
2021-04-01,A3019150206,320,"AQ Master wireless x1","Premium 2",13.0018,4160.5760
2021-04-01,A3119150301,208,"AQ Gamers ","Standard 1",13.5061,2809.2688
2021-04-01,A3119150302,577,"AQ Gamers ","Standard 2",15.3071,8832.1967
2021-04-01,A3119150303,296,"AQ Gamers ","Plus 1",16.2407,4807.2472
2021-04-01,A3120150304,419,"AQ Gamers ","Plus 2",16.3792,6862.8848
2021-04-01,A3120150305,357,"AQ Gamers ","Premium 1",16.3218,5826.8826
2021-04-01,A3120150306,444,"AQ Gamers ","Premium 2",19.3003,8569.3332
2021-04-01,A3220150401,171,"AQ Lite","Standard 1",18.4943,3162.5253
2021-04-01,A3220150402,396,"AQ Lite","Standard 2",18.7947,7442.7012
2021-04-01,A3220150403,787,"AQ Lite","Plus 1",18.5844,14625.9228
2021-04-01,A3220150404,759,"AQ Lite","Plus 2",18.4219,13982.2221
2021-04-01,A3220150405,401,"AQ Lite","Premium 1",18.9415,7595.5415
2021-04-01,A3220150406,813,"AQ Lite","Premium 2",20.0066,16265.3658
2021-04-01,A3320150501,442,"AQ Maxima","Standard 1",20.3908,9012.7336
2021-04-01,A3320150502,818,"AQ Maxima","Standard 2",21.6988,17749.6184
2021-04-01,A3320150503,188,"AQ Maxima","Plus 1",20.8733,3924.1804
2021-04-01,A3320150504,834,"AQ Maxima","Plus 2",22.1341,18459.8394
2021-04-01,A3320150505,257,"AQ Maxima","Premium 1",23.0844,5932.6908
2021-04-01,A3320150506,815,"AQ Maxima","Premium 2",23.7678,19370.7570
2021-04-01,A3420150601,852,"AQ Qwerty","Standard 1",24.5690,20932.7880
2021-04-01,A3420150602,387,"AQ Qwerty","Standard 2",23.9726,9277.3962
2021-04-01,A3421150603,391,"AQ Qwerty","Plus 1",26.9507,10537.7237
2021-04-01,A3421150604,107,"AQ Qwerty","Plus 2",27.4152,2933.4264
2021-04-01,A3421150605,685,"AQ Qwerty","Premium 1",29.8692,20460.4020
2021-04-01,A3421150606,317,"AQ Qwerty","Premium 2",29.6709,9405.6753
2021-04-01,A3521150701,239,"AQ Trigger","Standard 1",29.3872,7023.5408
2021-04-01,A3521150702,171,"AQ Trigger","Standard 2",30.3414,5188.3794
2021-04-01,A3521150703,480,"AQ Trigger","Plus 1",31.7665,15247.9200
2021-04-01,A3521150704,655,"AQ Trigger","Plus 2",33.6246,22024.1130
2021-04-01,A3521150705,852,"AQ Trigger","Premium 1",34.5114,29403.7128
2021-04-01,A3718150101,20,"AQ LION x1",Standard,16.5127,330.2540
2021-04-01,A3718150102,13,"AQ LION x1","Plus 1 ",16.1015,209.3195
2021-04-01,A3718150103,79,"AQ LION x1","Plus 2",17.5697,1388.0063
2021-04-01,A3718150105,63,"AQ LION x1",Premium,18.0312,1135.9656
2021-04-01,A3818150201,62,"AQ LION x2",Standard,17.2648,1070.4176
2021-04-01,A3818150202,51,"AQ LION x2","Plus 1 ",17.5197,893.5047
2021-04-01,A3819150203,70,"AQ LION x2","Plus 2",18.4533,1291.7310
2021-04-01,A3819150204,63,"AQ LION x2","Plus 3",21.1942,1335.2346
2021-04-01,A3819150205,39,"AQ LION x2",Premium,21.6066,842.6574
2021-04-01,A3920150301,65,"AQ LION x3",Standard,22.1454,1439.4510
2021-04-01,A3920150302,42,"AQ LION x3","Plus 1 ",23.1520,972.3840
2021-04-01,A3920150303,88,"AQ LION x3","Plus 2",25.4670,2241.0960
2021-04-01,A3920150304,42,"AQ LION x3","Plus 3",25.0442,1051.8564
2021-04-01,A3920150305,86,"AQ LION x3",Premium,27.4546,2361.0956
2021-04-01,A4020150401,62,"AQ Mx NB",Standard,26.9302,1669.6724
2021-04-01,A4020150402,20,"AQ Mx NB","Plus 1 ",28.4500,569.0000
2021-04-01,A4021150403,70,"AQ Mx NB","Plus 2",29.9423,2095.9610
2021-04-01,A4021150404,14,"AQ Mx NB","Plus 3",28.5800,400.1200
2021-04-01,A4021150405,25,"AQ Mx NB",Premium,31.7029,792.5725
2021-04-01,A4118110105,15,"AQ Aspiron","Plus Blue",182.8932,2743.3980
2021-04-01,A4118110106,38,"AQ Aspiron","Plus Red",187.7533,7134.6254
2021-04-01,A4118110107,17,"AQ Aspiron","Premium Black",195.7721,3328.1257
2021-04-01,A4218110201,12,"AQ Digit","Standard Grey",200.2732,2403.2784
2021-04-01,A4218110202,30,"AQ Digit","Standard Blue",215.9341,6478.0230
2021-04-01,A4218110203,13,"AQ Digit","Standard Red",236.8486,3079.0318
2021-04-01,A4218110204,33,"AQ Digit","Plus Grey",232.1038,7659.4254
2021-04-01,A4218110205,36,"AQ Digit","Plus Blue",240.1403,8645.0508
2021-04-01,A4218110206,22,"AQ Digit","Plus Red",237.0183,5214.4026
2021-04-01,A4218110207,30,"AQ Digit","Premium Black",249.1303,7473.9090
2021-04-01,A4218110208,33,"AQ Digit","Premium Misty Green",243.0414,8020.3662
2021-04-01,A4318110301,10,"AQ Velocity","Standard Grey",264.7000,2647.0000
2021-04-01,A4319110302,25,"AQ Velocity","Standard Blue",267.2091,6680.2275
2021-04-01,A4319110303,27,"AQ Velocity","Standard Red",261.2305,7053.2235
2021-04-01,A4319110304,18,"AQ Velocity","Plus Grey",267.0636,4807.1448
2021-04-01,A4319110305,26,"AQ Velocity","Plus Blue",277.8079,7223.0054
2021-04-01,A4319110306,19,"AQ Velocity","Plus Red",275.8194,5240.5686
2021-04-01,A4419110401,24,"AQ Elite","Standard Grey",271.3471,6512.3304
2021-04-01,A4419110402,10,"AQ Elite","Standard Blue",281.9504,2819.5040
2021-04-01,A4419110403,26,"AQ Elite","Standard Red",288.0503,7489.3078
2021-04-01,A4419110404,18,"AQ Elite","Plus Grey",286.8973,5164.1514
2021-04-01,A4419110405,22,"AQ Elite","Plus Blue",291.2071,6406.5562
2021-04-01,A4419110406,17,"AQ Elite","Plus Red",287.5666,4888.6322
2021-04-01,A4419110407,28,"AQ Elite","Premium Black",287.4934,8049.8152
2021-04-01,A4419110408,26,"AQ Elite","Premium Misty Green",297.0277,7722.7202
2021-04-01,A4519110501,30,"AQ Gen X","Standard Grey",311.8396,9355.1880
2021-04-01,A4519110502,27,"AQ Gen X","Standard Blue",300.3378,8109.1206
2021-04-01,A4519110503,32,"AQ Gen X","Standard Red",306.9189,9821.4048
2021-04-01,A4520110504,19,"AQ Gen X","Plus Grey",341.7343,6492.9517
2021-04-01,A4520110505,25,"AQ Gen X","Plus Blue",325.2156,8130.3900
2021-04-01,A4520110506,8,"AQ Gen X","Plus Red",325.2561,2602.0488
2021-04-01,A4520110507,23,"AQ Gen X","Premium Black",322.9426,7427.6798
2021-04-01,A4520110508,13,"AQ Gen X","Premium Misty Green",327.0930,4252.2090
2021-04-01,A4620110601,30,"AQ Gen Y","Standard Grey",347.2474,10417.4220
2021-04-01,A4620110602,10,"AQ Gen Y","Standard Blue",346.6886,3466.8860
2021-04-01,A4620110603,21,"AQ Gen Y","Standard Red",366.0459,7686.9639
2021-04-01,A4620110604,11,"AQ Gen Y","Plus Grey",353.0982,3884.0802
2021-04-01,A4620110605,26,"AQ Gen Y","Plus Blue",349.2525,9080.5650
2021-04-01,A4620110606,36,"AQ Gen Y","Plus Red",348.5375,12547.3500
2021-04-01,A4620110607,30,"AQ Gen Y","Premium Black",347.8030,10434.0900
2021-04-01,A4620110608,32,"AQ Gen Y","Premium Misty Green",363.0630,11618.0160
2021-04-01,A4720110701,38,"AQ GEN Z","Standard Grey",367.7335,13973.8730
2021-04-01,A4720110702,34,"AQ GEN Z","Standard Blue",371.4027,12627.6918
2021-04-01,A4721110703,16,"AQ GEN Z","Standard Red",361.6496,5786.3936
2021-04-01,A4721110704,7,"AQ GEN Z","Plus Grey",380.2153,2661.5071
2021-04-01,A4721110705,16,"AQ GEN Z","Plus Blue",377.4069,6038.5104
2021-04-01,A4918110101,11,"AQ BZ 101","Standard Grey",419.1936,4611.1296
2021-04-01,A4918110102,19,"AQ BZ 101","Standard Blue",451.4881,8578.2739
2021-04-01,A4918110103,28,"AQ BZ 101","Premium Black",428.1451,11988.0628
2021-04-01,A4918110104,29,"AQ BZ 101","Premium Misty Green",460.2805,13348.1345
2021-04-01,A5018110201,6,"AQ BZ Compact","Standard Grey",451.7049,2710.2294
2021-04-01,A5018110202,21,"AQ BZ Compact","Standard Blue",462.5568,9713.6928
2021-04-01,A5018110203,5,"AQ BZ Compact","Standard Red",452.1420,2260.7100
2021-04-01,A5018110204,12,"AQ BZ Compact","Plus Grey",447.7337,5372.8044
2021-04-01,A5018110205,28,"AQ BZ Compact","Plus Blue",486.1763,13612.9364
2021-04-01,A5018110206,9,"AQ BZ Compact","Plus Red",475.5544,4279.9896
2021-04-01,A5018110207,15,"AQ BZ Compact","Premium Black",475.1904,7127.8560
2021-04-01,A5019110208,25,"AQ BZ Compact","Premium Misty Green",467.3047,11682.6175
2021-04-01,A5119110301,19,"AQ BZ Gen Y","Standard Grey",479.0441,9101.8379
2021-04-01,A5119110302,28,"AQ BZ Gen Y","Standard Blue",474.3132,13280.7696
2021-04-01,A5119110303,13,"AQ BZ Gen Y","Standard Red",474.3154,6166.1002
2021-04-01,A5119110305,28,"AQ BZ Gen Y","Plus Blue",483.3813,13534.6764
2021-04-01,A5119110306,13,"AQ BZ Gen Y","Plus Red",486.4857,6324.3141
2021-04-01,A5119110307,12,"AQ BZ Gen Y","Premium Black",516.4580,6197.4960
2021-04-01,A5119110308,15,"AQ BZ Gen Y","Premium Misty Green",512.5811,7688.7165
2021-04-01,A5219110401,19,"AQ BZ Gen Z","Standard Grey",506.9644,9632.3236
2021-04-01,A5219110402,6,"AQ BZ Gen Z","Standard Blue",490.1582,2940.9492
2021-04-01,A5219110403,22,"AQ BZ Gen Z","Standard Red",525.8042,11567.6924
2021-04-01,A5219110405,25,"AQ BZ Gen Z","Plus Blue",521.2603,13031.5075
2021-04-01,A5219110406,9,"AQ BZ Gen Z","Plus Red",550.4597,4954.1373
2021-04-01,A5219110407,7,"AQ BZ Gen Z","Premium Black",545.5931,3819.1517
2021-04-01,A5220110408,16,"AQ BZ Gen Z","Premium Misty Green",533.0397,8528.6352
2021-04-01,A5318110103,10,"AQ Gamer 1","Standard Black",584.9722,5849.7220
2021-04-01,A5318110104,12,"AQ Gamer 1","Plus Firey Red",586.3824,7036.5888
2021-04-01,A5318110105,16,"AQ Gamer 1","Plus Cool Blue",551.3303,8821.2848
2021-04-01,A5318110106,9,"AQ Gamer 1","Plus Black",565.8747,5092.8723
2021-04-01,A5318110107,11,"AQ Gamer 1","Premium Black",571.6489,6288.1379
2021-04-01,A5318110108,16,"AQ Gamer 1","Premium Misty Green",579.6609,9274.5744
2021-04-01,A5419110201,16,"AQ Gamer 2","Standard Firey Red",585.0003,9360.0048
2021-04-01,A5419110202,13,"AQ Gamer 2","Standard Cool Blue",567.9271,7383.0523
2021-04-01,A5419110203,6,"AQ Gamer 2","Standard Black",595.5711,3573.4266
2021-04-01,A5419110204,12,"AQ Gamer 2","Plus Firey Red",602.9200,7235.0400
2021-04-01,A5419110205,16,"AQ Gamer 2","Plus Cool Blue",570.7578,9132.1248
2021-04-01,A5419110206,5,"AQ Gamer 2","Plus Black",601.6398,3008.1990
2021-04-01,A5419110207,12,"AQ Gamer 2","Premium Black",599.2302,7190.7624
2021-04-01,A5419110208,16,"AQ Gamer 2","Premium Misty Green",608.4070,9734.5120
2021-04-01,A5519110301,17,"AQ Gamer 3","Standard Firey Red",589.7411,10025.5987
2021-04-01,A5519110302,6,"AQ Gamer 3","Standard Cool Blue",605.8642,3635.1852
2021-04-01,A5519110303,12,"AQ Gamer 3","Standard Black",604.2721,7251.2652
2021-04-01,A5519110304,3,"AQ Gamer 3","Plus Firey Red",597.7704,1793.3112
2021-04-01,A5520110305,17,"AQ Gamer 3","Plus Cool Blue",632.4885,10752.3045
2021-04-01,A5520110306,5,"AQ Gamer 3","Plus Black",639.6816,3198.4080
2021-04-01,A5520110307,12,"AQ Gamer 3","Premium Black",609.7926,7317.5112
2021-04-01,A5520110308,17,"AQ Gamer 3","Premium Misty Green",590.1159,10031.9703
2021-04-01,A5620110401,5,"AQ Smash 1","Standard Firey Red",642.0698,3210.3490
2021-04-01,A5620110402,11,"AQ Smash 1","Standard Cool Blue",593.8297,6532.1267
2021-04-01,A5621110403,7,"AQ Smash 1","Standard Black",631.1855,4418.2985
2021-04-01,A5621110404,14,"AQ Smash 1","Plus Firey Red",639.9614,8959.4596
2021-04-01,A5621110405,15,"AQ Smash 1","Plus Cool Blue",601.8173,9027.2595
2021-04-01,A5621110406,16,"AQ Smash 1","Plus Black",644.3777,10310.0432
2021-04-01,A5621110407,10,"AQ Smash 1","Premium Black",655.7782,6557.7820
2021-04-01,A5621110408,10,"AQ Smash 1","Premium Misty Green",657.2525,6572.5250
2021-04-01,A5721110501,14,"AQ Smash 2","Standard Firey Red",649.6929,9095.7006
2021-04-01,A5721110502,3,"AQ Smash 2","Standard Cool Blue",627.9938,1883.9814
2021-04-01,A5721110503,13,"AQ Smash 2","Standard Black",678.3035,8817.9455
2021-04-01,A5721110504,10,"AQ Smash 2","Plus Firey Red",655.8348,6558.3480
2021-04-01,A5721110505,4,"AQ Smash 2","Plus Cool Blue",674.4272,2697.7088
2021-04-01,A5721110506,16,"AQ Smash 2","Plus Black",720.5460,11528.7360
2021-04-01,A5820110101,9,"AQ BZ Allin1","Standard 1",681.3022,6131.7198
2021-04-01,A5820110102,8,"AQ BZ Allin1","Standard 2",697.5541,5580.4328
2021-04-01,A5820110103,19,"AQ BZ Allin1","Standard 3",735.1465,13967.7835
2021-04-01,A5820110104,16,"AQ BZ Allin1","Plus 1",690.4971,11047.9536
2021-04-01,A5820110105,14,"AQ BZ Allin1","Plus 2",709.3926,9931.4964
2021-04-01,A5820110106,16,"AQ BZ Allin1","Plus 3",692.5242,11080.3872
2021-04-01,A5820110107,17,"AQ BZ Allin1","Premium 1",737.6775,12540.5175
2021-04-01,A5821110108,16,"AQ BZ Allin1","Premium 2",746.7388,11947.8208
2021-04-01,A6018110101,5,"AQ Home Allin1","Standard 1",800.4577,4002.2885
2021-04-01,A6018110102,2,"AQ Home Allin1","Standard 2",764.0542,1528.1084
2021-04-01,A6018110103,5,"AQ Home Allin1","Standard 3",770.9789,3854.8945
2021-04-01,A6018110104,6,"AQ Home Allin1","Plus 1",749.0987,4494.5922
2021-04-01,A6018110105,3,"AQ Home Allin1","Plus 2",766.6472,2299.9416
2021-04-01,A6018110106,5,"AQ Home Allin1","Plus 3",787.5874,3937.9370
2021-04-01,A6019110107,3,"AQ Home Allin1","Premium 1",785.9918,2357.9754
2021-04-01,A6019110108,3,"AQ Home Allin1","Premium 2",796.6606,2389.9818
2021-04-01,A6119110201,4,"AQ HOME Allin1 Gen 2","Standard 1",824.0889,3296.3556
2021-04-01,A6119110202,3,"AQ HOME Allin1 Gen 2","Standard 2",790.1040,2370.3120
2021-04-01,A6119110203,1,"AQ HOME Allin1 Gen 2","Standard 3",769.5635,769.5635
2021-04-01,A6119110204,2,"AQ HOME Allin1 Gen 2","Plus 1",807.2638,1614.5276
2021-04-01,A6120110205,1,"AQ HOME Allin1 Gen 2","Plus 2",834.9812,834.9812
2021-04-01,A6120110206,6,"AQ HOME Allin1 Gen 2","Plus 3",810.6034,4863.6204
2021-04-01,A6218160101,601,"AQ Digit SSD",Standard,13.5941,8170.0541
2021-04-01,A6218160102,730,"AQ Digit SSD",Plus,15.2481,11131.1130
2021-04-01,A6219160103,279,"AQ Digit SSD",Premium,16.3003,4547.7837
2021-04-01,A6319160201,557,"AQ Neuer SSD",Standard,17.3590,9668.9630
2021-04-01,A6319160202,697,"AQ Neuer SSD",Plus,18.5733,12945.5901
2021-04-01,A6319160203,934,"AQ Neuer SSD",Premium,19.3433,18066.6422
2021-04-01,A6419160301,639,"AQ Clx1",Standard,17.8043,11376.9477
2021-04-01,A6419160302,730,"AQ Clx1",Plus,19.6723,14360.7790
2021-04-01,A6419160303,418,"AQ Clx1",Premium,19.3342,8081.6956
2021-04-01,A6519160401,976,"AQ Clx2",Standard,20.2889,19801.9664
2021-04-01,A6520160402,609,"AQ Clx2",Plus,20.1650,12280.4850
2021-04-01,A6520160403,376,"AQ Clx2",Premium,21.2830,8002.4080
2021-04-01,A6620160501,399,"AQ Clx3",Standard,22.8530,9118.3470
2021-04-01,A6720160103,1412,"AQ Pen Drive 2 IN 1",Premium,4.4411,6270.8332
2021-04-01,A6818160201,1003,"AQ Pen Drive DRC",Standard,2.9990,3007.9970
2021-04-01,A6818160202,1098,"AQ Pen Drive DRC",Plus,3.8531,4230.7038
2021-04-01,A6819160203,1746,"AQ Pen Drive DRC",Premium,5.0984,8901.8064
2021-04-01,A7118160101,150,"AQ Wi Power Dx1",Standard,29.6712,4450.6800
2021-04-01,A7119160102,325,"AQ Wi Power Dx1",Plus,29.9264,9726.0800
2021-04-01,A7119160103,128,"AQ Wi Power Dx1",Premium,28.7736,3683.0208
2021-04-01,A7219160201,252,"AQ Wi Power Dx2",Standard,32.9575,8305.2900
2021-04-01,A7220160202,672,"AQ Wi Power Dx2",Plus,35.2053,23657.9616
2021-04-01,A7220160203,256,"AQ Wi Power Dx2",Premium,37.4784,9594.4704
2021-04-01,A7321160301,490,"AQ Wi Power Dx3",Standard,40.7954,19989.7460
2021-04-01,A7321160302,140,"AQ Wi Power Dx3",Plus,43.9446,6152.2440
2021-04-01,A7321160303,148,"AQ Wi Power Dx3",Premium,42.8483,6341.5484
2021-05-01,A0118150101,58,"AQ Dracula HDD – 3.5 Inch SATA 6 Gb/s 5400 RPM 256 MB Cache",Standard,19.0573,1105.3234
2021-05-01,A0118150102,135,"AQ Dracula HDD – 3.5 Inch SATA 6 Gb/s 5400 RPM 256 MB Cache",Plus,21.4565,2896.6275
2021-05-01,A0118150103,173,"AQ Dracula HDD – 3.5 Inch SATA 6 Gb/s 5400 RPM 256 MB Cache",Premium,21.7795,3767.8535
2021-05-01,A0118150104,93,"AQ Dracula HDD – 3.5 Inch SATA 6 Gb/s 5400 RPM 256 MB Cache","Premium Plus",22.9729,2136.4797
2021-05-01,A0219150201,197,"AQ WereWolf NAS Internal Hard Drive HDD – 8.89 cm",Standard,23.6987,4668.6439
2021-05-01,A0219150202,246,"AQ WereWolf NAS Internal Hard Drive HDD – 8.89 cm",Plus,24.7312,6083.8752
2021-05-01,A0220150203,225,"AQ WereWolf NAS Internal Hard Drive HDD – 8.89 cm",Premium,23.6154,5313.4650
2021-05-01,A0320150301,223,"AQ Zion Saga",Standard,23.7223,5290.0729
2021-05-01,A0321150302,186,"AQ Zion Saga",Plus,27.1027,5041.1022
2021-05-01,A0321150303,84,"AQ Zion Saga",Premium,28.0059,2352.4956
2021-05-01,A0418150103,58,"AQ Mforce Gen X","Standard 3",19.5235,1132.3630
2021-05-01,A0418150104,48,"AQ Mforce Gen X","Plus 1",19.9239,956.3472
2021-05-01,A0418150105,190,"AQ Mforce Gen X","Plus 2",20.0766,3814.5540
2021-05-01,A0418150106,76,"AQ Mforce Gen X","Plus 3",19.9365,1515.1740
2021-05-01,A0519150201,134,"AQ Mforce Gen Y","Standard 1",22.3984,3001.3856
2021-05-01,A0519150202,91,"AQ Mforce Gen Y","Standard 2",24.9298,2268.6118
2021-05-01,A0519150203,122,"AQ Mforce Gen Y","Standard 3",26.5871,3243.6262
2021-05-01,A0519150204,178,"AQ Mforce Gen Y","Plus 1",26.1081,4647.2418
2021-05-01,A0519150205,138,"AQ Mforce Gen Y","Plus 2",29.7008,4098.7104
2021-05-01,A0519150206,104,"AQ Mforce Gen Y","Plus 3",31.2439,3249.3656
2021-05-01,A0519150207,43,"AQ Mforce Gen Y","Premium 1",32.4427,1395.0361
2021-05-01,A0519150208,182,"AQ Mforce Gen Y","Premium 2",30.5816,5565.8512
2021-05-01,A0619150301,116,"AQ Mforce Gen Z","Standard 1",30.4696,3534.4736
2021-05-01,A0619150302,86,"AQ Mforce Gen Z","Standard 2",34.0973,2932.3678
2021-05-01,A0620150303,75,"AQ Mforce Gen Z","Standard 3",34.2412,2568.0900
2021-05-01,A0620150304,64,"AQ Mforce Gen Z","Plus 1",37.5826,2405.2864
2021-05-01,A0620150305,189,"AQ Mforce Gen Z","Plus 2",36.5679,6911.3331
2021-05-01,A0620150306,84,"AQ Mforce Gen Z","Plus 3",37.5278,3152.3352
2021-05-01,A0621150307,138,"AQ Mforce Gen Z","Premium 1",36.2434,5001.5892
2021-05-01,A0621150308,78,"AQ Mforce Gen Z","Premium 2",39.3990,3073.1220
2021-05-01,A0721150401,101,"AQ GT 21",Standard,39.3377,3973.1077
2021-05-01,A0721150402,160,"AQ GT 21","Plus 1",39.1465,6263.4400
2021-05-01,A0721150403,103,"AQ GT 21","Plus 2",39.2990,4047.7970
2021-05-01,A0721150404,195,"AQ GT 21",Premium,39.1215,7628.6925
2021-05-01,A0821150501,166,"AQ Marquee P3",Standard,40.5013,6723.2158
2021-05-01,A0821150502,31,"AQ Marquee P3","Plus 1",43.2966,1342.1946
2021-05-01,A0821150503,162,"AQ Marquee P3","Plus 2",42.3841,6866.2242
2021-05-01,A0821150504,154,"AQ Marquee P3",Premium,44.7044,6884.4776
2021-05-01,A0921150601,146,"AQ Marquee P4",Standard,45.0813,6581.8698
2021-05-01,A1018150101,41,"AQ 5000 Series Electron 9 5900X Desktop Processor",Standard,111.1036,4555.2476
2021-05-01,A1018150102,40,"AQ 5000 Series Electron 9 5900X Desktop Processor",Plus,123.4797,4939.1880
2021-05-01,A1018150103,128,"AQ 5000 Series Electron 9 5900X Desktop Processor",Premium,123.9315,15863.2320
2021-05-01,A1118150201,125,"AQ 5000 Series Electron 8 5900X Desktop Processor",Standard,124.2640,15533.0000
2021-05-01,A1118150202,52,"AQ 5000 Series Electron 8 5900X Desktop Processor",Plus,129.5836,6738.3472
2021-05-01,A1119150203,182,"AQ 5000 Series Electron 8 5900X Desktop Processor",Premium,139.8962,25461.1084
2021-05-01,A1219150301,129,"AQ 5000 Series Ultron 8 5900X Desktop Processor",Standard,135.6822,17503.0038
2021-05-01,A1219150302,35,"AQ 5000 Series Ultron 8 5900X Desktop Processor",Plus,145.1474,5080.1590
2021-05-01,A1219150303,171,"AQ 5000 Series Ultron 8 5900X Desktop Processor",Premium,142.9402,24442.7742
2021-05-01,A1319150401,197,"AQ Electron 5 3600 Desktop Processor",Standard,149.1034,29373.3698
2021-05-01,A1320150402,53,"AQ Electron 5 3600 Desktop Processor",Plus,150.2450,7962.9850
2021-05-01,A1320150403,22,"AQ Electron 5 3600 Desktop Processor",Premium,160.6912,3535.2064
2021-05-01,A1420150501,177,"AQ Electron 4 3600 Desktop Processor",Standard,160.5082,28409.9514
2021-05-01,A1420150502,91,"AQ Electron 4 3600 Desktop Processor",Plus,169.4999,15424.4909
2021-05-01,A1421150503,128,"AQ Electron 4 3600 Desktop Processor",Premium,176.4389,22584.1792
2021-05-01,A1521150601,42,"AQ Electron 3 3600 Desktop Processor",Standard,186.2917,7824.2514
2021-05-01,A1521150602,32,"AQ Electron 3 3600 Desktop Processor",Plus,185.4599,5934.7168
2021-05-01,A1618150101,38,"AQ MB Elite",Standard,19.6485,746.6430
2021-05-01,A1618150102,57,"AQ MB Elite","Plus 1",20.4629,1166.3853
2021-05-01,A1618150103,97,"AQ MB Elite","Plus 2",21.2017,2056.5649
2021-05-01,A1618150104,52,"AQ MB Elite",Premium,21.4489,1115.3428
2021-05-01,A1718150201,140,"AQ MB Crossx",Standard,21.8879,3064.3060
2021-05-01,A1718150202,17,"AQ MB Crossx","Plus 1",22.8957,389.2269
2021-05-01,A1718150203,39,"AQ MB Crossx","Plus 2",27.3445,1066.4355
2021-05-01,A1718150204,59,"AQ MB Crossx",Premium,28.3991,1675.5469
2021-05-01,A1819150301,107,"AQ MB Crossx 2",Standard,28.8615,3088.1805
2021-05-01,A1819150302,95,"AQ MB Crossx 2","Plus 1",31.9525,3035.4875
2021-05-01,A1819150303,48,"AQ MB Crossx 2","Plus 2",32.1924,1545.2352
2021-05-01,A1819150304,98,"AQ MB Crossx 2",Premium,32.2612,3161.5976
2021-05-01,A1919150401,68,"AQ MB Lito",Standard,33.7609,2295.7412
2021-05-01,A1919150402,37,"AQ MB Lito","Plus 1",35.0256,1295.9472
2021-05-01,A1919150403,132,"AQ MB Lito","Plus 2",35.8350,4730.2200
2021-05-01,A1920150404,71,"AQ MB Lito",Premium,38.9780,2767.4380
2021-05-01,A2020150501,86,"AQ MB Lito 2",Standard,41.3696,3557.7856
2021-05-01,A2020150502,64,"AQ MB Lito 2","Plus 1",39.3932,2521.1648
2021-05-01,A2021150503,73,"AQ MB Lito 2","Plus 2",45.4377,3316.9521
2021-05-01,A2118150101,982,"AQ Master wired x1 Ms","Standard 1",2.9434,2890.4188
2021-05-01,A2118150102,905,"AQ Master wired x1 Ms","Standard 2",3.9998,3619.8190
2021-05-01,A2118150103,146,"AQ Master wired x1 Ms","Plus 1",4.5295,661.3070
2021-05-01,A2118150104,514,"AQ Master wired x1 Ms","Plus 2",5.0459,2593.5926
2021-05-01,A2118150105,341,"AQ Master wired x1 Ms","Premium 1",4.6904,1599.4264
2021-05-01,A2118150106,123,"AQ Master wired x1 Ms","Premium 2",5.2542,646.2666
2021-05-01,A2218150201,961,"AQ Master wireless x1 Ms","Standard 1",5.4383,5226.2063
2021-05-01,A2218150202,659,"AQ Master wireless x1 Ms","Standard 2",6.4054,4221.1586
2021-05-01,A2219150203,861,"AQ Master wireless x1 Ms","Plus 1",6.7301,5794.6161
2021-05-01,A2219150204,946,"AQ Master wireless x1 Ms","Plus 2",7.3526,6955.5596
2021-05-01,A2219150205,381,"AQ Master wireless x1 Ms","Premium 1",7.9813,3040.8753
2021-05-01,A2219150206,836,"AQ Master wireless x1 Ms","Premium 2",8.3193,6954.9348
2021-05-01,A2319150301,125,"AQ Gamers Ms","Standard 1",8.8044,1100.5500
2021-05-01,A2319150302,564,"AQ Gamers Ms","Standard 2",8.9901,5070.4164
2021-05-01,A2319150303,137,"AQ Gamers Ms","Plus 1",9.3977,1287.4849
2021-05-01,A2319150304,867,"AQ Gamers Ms","Plus 2",10.4573,9066.4791
2021-05-01,A2319150305,154,"AQ Gamers Ms","Premium 1",10.4370,1607.2980
2021-05-01,A2319150306,892,"AQ Gamers Ms","Premium 2",10.8659,9692.3828
2021-05-01,A2419150401,166,"AQ Lite Ms","Standard 1",11.4829,1906.1614
2021-05-01,A2419150402,547,"AQ Lite Ms","Standard 2",11.2819,6171.1993
2021-05-01,A2419150403,647,"AQ Lite Ms","Plus 1",10.8925,7047.4475
2021-05-01,A2419150404,678,"AQ Lite Ms","Plus 2",11.6332,7887.3096
2021-05-01,A2419150405,965,"AQ Lite Ms","Premium 1",12.7423,12296.3195
2021-05-01,A2420150406,156,"AQ Lite Ms","Premium 2",12.2979,1918.4724
2021-05-01,A2520150501,549,"AQ Maxima Ms","Standard 1",12.0689,6625.8261
2021-05-01,A2520150502,349,"AQ Maxima Ms","Standard 2",14.5267,5069.8183
2021-05-01,A2520150503,795,"AQ Maxima Ms","Plus 1",14.1682,11263.7190
2021-05-01,A2520150504,518,"AQ Maxima Ms","Plus 2",14.2800,7397.0400
2021-05-01,A2520150505,412,"AQ Maxima Ms","Premium 1",15.1762,6252.5944
2021-05-01,A2520150506,820,"AQ Maxima Ms","Premium 2",14.5677,11945.5140
2021-05-01,A2620150601,584,"AQ Qwerty Ms","Standard 1",14.9013,8702.3592
2021-05-01,A2620150602,112,"AQ Qwerty Ms","Standard 2",15.8102,1770.7424
2021-05-01,A2620150603,470,"AQ Qwerty Ms","Plus 1",15.9792,7510.2240
2021-05-01,A2620150604,757,"AQ Qwerty Ms","Plus 2",16.5491,12527.6687
2021-05-01,A2620150605,501,"AQ Qwerty Ms","Premium 1",16.5882,8310.6882
2021-05-01,A2620150606,512,"AQ Qwerty Ms","Premium 2",16.7850,8593.9200
2021-05-01,A2720150701,921,"AQ Trigger Ms","Standard 1",17.0917,15741.4557
2021-05-01,A2721150702,632,"AQ Trigger Ms","Standard 2",17.2368,10893.6576
2021-05-01,A2721150703,139,"AQ Trigger Ms","Plus 1",16.9353,2354.0067
2021-05-01,A2721150704,838,"AQ Trigger Ms","Plus 2",19.5860,16413.0680
2021-05-01,A2721150705,599,"AQ Trigger Ms","Premium 1",19.4042,11623.1158
2021-05-01,A2721150706,730,"AQ Trigger Ms","Premium 2",20.0537,14639.2010
2021-05-01,A2821150801,649,"AQ Lumina Ms","Standard 1",21.7118,14090.9582
2021-05-01,A2918150101,864,"AQ Master wired x1","Standard 1",6.8991,5960.8224
2021-05-01,A2918150102,662,"AQ Master wired x1","Standard 2",7.5979,5029.8098
2021-05-01,A2918150103,672,"AQ Master wired x1","Plus 1",7.7693,5220.9696
2021-05-01,A2918150104,428,"AQ Master wired x1","Plus 2",8.9514,3831.1992
2021-05-01,A2918150105,790,"AQ Master wired x1","Premium 1",9.4650,7477.3500
2021-05-01,A2918150106,774,"AQ Master wired x1","Premium 2",10.4188,8064.1512
2021-05-01,A3018150201,773,"AQ Master wireless x1","Standard 1",10.7955,8344.9215
2021-05-01,A3018150202,516,"AQ Master wireless x1","Standard 2",11.0524,5703.0384
2021-05-01,A3018150203,855,"AQ Master wireless x1","Plus 1",12.3739,10579.6845
2021-05-01,A3019150204,806,"AQ Master wireless x1","Plus 2",11.6011,9350.4866
2021-05-01,A3019150205,859,"AQ Master wireless x1","Premium 1",12.0509,10351.7231
2021-05-01,A3019150206,158,"AQ Master wireless x1","Premium 2",13.0018,2054.2844
2021-05-01,A3119150301,113,"AQ Gamers ","Standard 1",13.5061,1526.1893
2021-05-01,A3119150302,377,"AQ Gamers ","Standard 2",15.3071,5770.7767
2021-05-01,A3119150303,729,"AQ Gamers ","Plus 1",16.2407,11839.4703
2021-05-01,A3120150304,345,"AQ Gamers ","Plus 2",16.3792,5650.8240
2021-05-01,A3120150305,315,"AQ Gamers ","Premium 1",16.3218,5141.3670
2021-05-01,A3120150306,708,"AQ Gamers ","Premium 2",19.3003,13664.6124
2021-05-01,A3220150401,505,"AQ Lite","Standard 1",18.4943,9339.6215
2021-05-01,A3220150402,225,"AQ Lite","Standard 2",18.7947,4228.8075
2021-05-01,A3220150403,204,"AQ Lite","Plus 1",18.5844,3791.2176
2021-05-01,A3220150404,586,"AQ Lite","Plus 2",18.4219,10795.2334
2021-05-01,A3220150405,160,"AQ Lite","Premium 1",18.9415,3030.6400
2021-05-01,A3220150406,153,"AQ Lite","Premium 2",20.0066,3061.0098
2021-05-01,A3320150501,155,"AQ Maxima","Standard 1",20.3908,3160.5740
2021-05-01,A3320150502,686,"AQ Maxima","Standard 2",21.6988,14885.3768
2021-05-01,A3320150503,748,"AQ Maxima","Plus 1",20.8733,15613.2284
2021-05-01,A3320150504,92,"AQ Maxima","Plus 2",22.1341,2036.3372
2021-05-01,A3320150505,482,"AQ Maxima","Premium 1",23.0844,11126.6808
2021-05-01,A3320150506,313,"AQ Maxima","Premium 2",23.7678,7439.3214
2021-05-01,A3420150601,218,"AQ Qwerty","Standard 1",24.5690,5356.0420
2021-05-01,A3420150602,514,"AQ Qwerty","Standard 2",23.9726,12321.9164
2021-05-01,A3421150603,222,"AQ Qwerty","Plus 1",26.9507,5983.0554
2021-05-01,A3421150604,632,"AQ Qwerty","Plus 2",27.4152,17326.4064
2021-05-01,A3421150605,449,"AQ Qwerty","Premium 1",29.8692,13411.2708
2021-05-01,A3421150606,597,"AQ Qwerty","Premium 2",29.6709,17713.5273
2021-05-01,A3521150701,444,"AQ Trigger","Standard 1",29.3872,13047.9168
2021-05-01,A3521150702,211,"AQ Trigger","Standard 2",30.3414,6402.0354
2021-05-01,A3521150703,357,"AQ Trigger","Plus 1",31.7665,11340.6405
2021-05-01,A3521150704,150,"AQ Trigger","Plus 2",33.6246,5043.6900
2021-05-01,A3521150705,220,"AQ Trigger","Premium 1",34.5114,7592.5080
2021-05-01,A3718150101,69,"AQ LION x1",Standard,16.5127,1139.3763
2021-05-01,A3718150102,71,"AQ LION x1","Plus 1 ",16.1015,1143.2065
2021-05-01,A3718150103,54,"AQ LION x1","Plus 2",17.5697,948.7638
2021-05-01,A3718150105,44,"AQ LION x1",Premium,18.0312,793.3728
2021-05-01,A3818150201,18,"AQ LION x2",Standard,17.2648,310.7664
2021-05-01,A3818150202,15,"AQ LION x2","Plus 1 ",17.5197,262.7955
2021-05-01,A3819150203,85,"AQ LION x2","Plus 2",18.4533,1568.5305
2021-05-01,A3819150204,30,"AQ LION x2","Plus 3",21.1942,635.8260
2021-05-01,A3819150205,63,"AQ LION x2",Premium,21.6066,1361.2158
2021-05-01,A3920150301,62,"AQ LION x3",Standard,22.1454,1373.0148
2021-05-01,A3920150302,49,"AQ LION x3","Plus 1 ",23.1520,1134.4480
2021-05-01,A3920150303,13,"AQ LION x3","Plus 2",25.4670,331.0710
2021-05-01,A3920150304,21,"AQ LION x3","Plus 3",25.0442,525.9282
2021-05-01,A3920150305,65,"AQ LION x3",Premium,27.4546,1784.5490
2021-05-01,A4020150401,17,"AQ Mx NB",Standard,26.9302,457.8134
2021-05-01,A4020150402,84,"AQ Mx NB","Plus 1 ",28.4500,2389.8000
2021-05-01,A4021150403,36,"AQ Mx NB","Plus 2",29.9423,1077.9228
2021-05-01,A4021150404,9,"AQ Mx NB","Plus 3",28.5800,257.2200
2021-05-01,A4021150405,68,"AQ Mx NB",Premium,31.7029,2155.7972
2021-05-01,A4118110105,38,"AQ Aspiron","Plus Blue",182.8932,6949.9416
2021-05-01,A4118110106,28,"AQ Aspiron","Plus Red",187.7533,5257.0924
2021-05-01,A4118110107,8,"AQ Aspiron","Premium Black",195.7721,1566.1768
2021-05-01,A4218110201,33,"AQ Digit","Standard Grey",200.2732,6609.0156
2021-05-01,A4218110202,39,"AQ Digit","Standard Blue",215.9341,8421.4299
2021-05-01,A4218110203,35,"AQ Digit","Standard Red",236.8486,8289.7010
2021-05-01,A4218110204,18,"AQ Digit","Plus Grey",232.1038,4177.8684
2021-05-01,A4218110205,16,"AQ Digit","Plus Blue",240.1403,3842.2448
2021-05-01,A4218110206,28,"AQ Digit","Plus Red",237.0183,6636.5124
2021-05-01,A4218110207,24,"AQ Digit","Premium Black",249.1303,5979.1272
2021-05-01,A4218110208,26,"AQ Digit","Premium Misty Green",243.0414,6319.0764
2021-05-01,A4318110301,28,"AQ Velocity","Standard Grey",264.7000,7411.6000
2021-05-01,A4319110302,13,"AQ Velocity","Standard Blue",267.2091,3473.7183
2021-05-01,A4319110303,30,"AQ Velocity","Standard Red",261.2305,7836.9150
2021-05-01,A4319110304,30,"AQ Velocity","Plus Grey",267.0636,8011.9080
2021-05-01,A4319110305,27,"AQ Velocity","Plus Blue",277.8079,7500.8133
2021-05-01,A4319110306,11,"AQ Velocity","Plus Red",275.8194,3034.0134
2021-05-01,A4419110401,32,"AQ Elite","Standard Grey",271.3471,8683.1072
2021-05-01,A4419110402,7,"AQ Elite","Standard Blue",281.9504,1973.6528
2021-05-01,A4419110403,33,"AQ Elite","Standard Red",288.0503,9505.6599
2021-05-01,A4419110404,27,"AQ Elite","Plus Grey",286.8973,7746.2271
2021-05-01,A4419110405,11,"AQ Elite","Plus Blue",291.2071,3203.2781
2021-05-01,A4419110406,27,"AQ Elite","Plus Red",287.5666,7764.2982
2021-05-01,A4419110407,30,"AQ Elite","Premium Black",287.4934,8624.8020
2021-05-01,A4419110408,9,"AQ Elite","Premium Misty Green",297.0277,2673.2493
2021-05-01,A4519110501,13,"AQ Gen X","Standard Grey",311.8396,4053.9148
2021-05-01,A4519110502,32,"AQ Gen X","Standard Blue",300.3378,9610.8096
2021-05-01,A4519110503,19,"AQ Gen X","Standard Red",306.9189,5831.4591
2021-05-01,A4520110504,7,"AQ Gen X","Plus Grey",341.7343,2392.1401
2021-05-01,A4520110505,10,"AQ Gen X","Plus Blue",325.2156,3252.1560
2021-05-01,A4520110506,7,"AQ Gen X","Plus Red",325.2561,2276.7927
2021-05-01,A4520110507,23,"AQ Gen X","Premium Black",322.9426,7427.6798
2021-05-01,A4520110508,27,"AQ Gen X","Premium Misty Green",327.0930,8831.5110
2021-05-01,A4620110601,19,"AQ Gen Y","Standard Grey",347.2474,6597.7006
2021-05-01,A4620110602,30,"AQ Gen Y","Standard Blue",346.6886,10400.6580
2021-05-01,A4620110603,8,"AQ Gen Y","Standard Red",366.0459,2928.3672
2021-05-01,A4620110604,17,"AQ Gen Y","Plus Grey",353.0982,6002.6694
2021-05-01,A4620110605,32,"AQ Gen Y","Plus Blue",349.2525,11176.0800
2021-05-01,A4620110606,15,"AQ Gen Y","Plus Red",348.5375,5228.0625
2021-05-01,A4620110607,32,"AQ Gen Y","Premium Black",347.8030,11129.6960
2021-05-01,A4620110608,31,"AQ Gen Y","Premium Misty Green",363.0630,11254.9530
2021-05-01,A4720110701,12,"AQ GEN Z","Standard Grey",367.7335,4412.8020
2021-05-01,A4720110702,20,"AQ GEN Z","Standard Blue",371.4027,7428.0540
2021-05-01,A4721110703,13,"AQ GEN Z","Standard Red",361.6496,4701.4448
2021-05-01,A4721110704,22,"AQ GEN Z","Plus Grey",380.2153,8364.7366
2021-05-01,A4721110705,29,"AQ GEN Z","Plus Blue",377.4069,10944.8001
2021-05-01,A4918110101,7,"AQ BZ 101","Standard Grey",419.1936,2934.3552
2021-05-01,A4918110102,12,"AQ BZ 101","Standard Blue",451.4881,5417.8572
2021-05-01,A4918110103,15,"AQ BZ 101","Premium Black",428.1451,6422.1765
2021-05-01,A4918110104,26,"AQ BZ 101","Premium Misty Green",460.2805,11967.2930
2021-05-01,A5018110201,19,"AQ BZ Compact","Standard Grey",451.7049,8582.3931
2021-05-01,A5018110202,11,"AQ BZ Compact","Standard Blue",462.5568,5088.1248
2021-05-01,A5018110203,13,"AQ BZ Compact","Standard Red",452.1420,5877.8460
2021-05-01,A5018110204,9,"AQ BZ Compact","Plus Grey",447.7337,4029.6033
2021-05-01,A5018110205,24,"AQ BZ Compact","Plus Blue",486.1763,11668.2312
2021-05-01,A5018110206,9,"AQ BZ Compact","Plus Red",475.5544,4279.9896
2021-05-01,A5018110207,12,"AQ BZ Compact","Premium Black",475.1904,5702.2848
2021-05-01,A5019110208,27,"AQ BZ Compact","Premium Misty Green",467.3047,12617.2269
2021-05-01,A5119110301,22,"AQ BZ Gen Y","Standard Grey",479.0441,10538.9702
2021-05-01,A5119110302,14,"AQ BZ Gen Y","Standard Blue",474.3132,6640.3848
2021-05-01,A5119110303,7,"AQ BZ Gen Y","Standard Red",474.3154,3320.2078
2021-05-01,A5119110305,28,"AQ BZ Gen Y","Plus Blue",483.3813,13534.6764
2021-05-01,A5119110306,21,"AQ BZ Gen Y","Plus Red",486.4857,10216.1997
2021-05-01,A5119110307,20,"AQ BZ Gen Y","Premium Black",516.4580,10329.1600
2021-05-01,A5119110308,10,"AQ BZ Gen Y","Premium Misty Green",512.5811,5125.8110
2021-05-01,A5219110401,17,"AQ BZ Gen Z","Standard Grey",506.9644,8618.3948
2021-05-01,A5219110402,5,"AQ BZ Gen Z","Standard Blue",490.1582,2450.7910
2021-05-01,A5219110403,17,"AQ BZ Gen Z","Standard Red",525.8042,8938.6714
2021-05-01,A5219110405,19,"AQ BZ Gen Z","Plus Blue",521.2603,9903.9457
2021-05-01,A5219110406,11,"AQ BZ Gen Z","Plus Red",550.4597,6055.0567
2021-05-01,A5219110407,8,"AQ BZ Gen Z","Premium Black",545.5931,4364.7448
2021-05-01,A5220110408,8,"AQ BZ Gen Z","Premium Misty Green",533.0397,4264.3176
2021-05-01,A5318110103,6,"AQ Gamer 1","Standard Black",584.9722,3509.8332
2021-05-01,A5318110104,17,"AQ Gamer 1","Plus Firey Red",586.3824,9968.5008
2021-05-01,A5318110105,12,"AQ Gamer 1","Plus Cool Blue",551.3303,6615.9636
2021-05-01,A5318110106,9,"AQ Gamer 1","Plus Black",565.8747,5092.8723
2021-05-01,A5318110107,13,"AQ Gamer 1","Premium Black",571.6489,7431.4357
2021-05-01,A5318110108,3,"AQ Gamer 1","Premium Misty Green",579.6609,1738.9827
2021-05-01,A5419110201,16,"AQ Gamer 2","Standard Firey Red",585.0003,9360.0048
2021-05-01,A5419110202,5,"AQ Gamer 2","Standard Cool Blue",567.9271,2839.6355
2021-05-01,A5419110203,11,"AQ Gamer 2","Standard Black",595.5711,6551.2821
2021-05-01,A5419110204,4,"AQ Gamer 2","Plus Firey Red",602.9200,2411.6800
2021-05-01,A5419110205,5,"AQ Gamer 2","Plus Cool Blue",570.7578,2853.7890
2021-05-01,A5419110206,7,"AQ Gamer 2","Plus Black",601.6398,4211.4786
2021-05-01,A5419110207,16,"AQ Gamer 2","Premium Black",599.2302,9587.6832
2021-05-01,A5419110208,9,"AQ Gamer 2","Premium Misty Green",608.4070,5475.6630
2021-05-01,A5519110301,6,"AQ Gamer 3","Standard Firey Red",589.7411,3538.4466
2021-05-01,A5519110302,15,"AQ Gamer 3","Standard Cool Blue",605.8642,9087.9630
2021-05-01,A5519110303,9,"AQ Gamer 3","Standard Black",604.2721,5438.4489
2021-05-01,A5519110304,16,"AQ Gamer 3","Plus Firey Red",597.7704,9564.3264
2021-05-01,A5520110305,13,"AQ Gamer 3","Plus Cool Blue",632.4885,8222.3505
2021-05-01,A5520110306,13,"AQ Gamer 3","Plus Black",639.6816,8315.8608
2021-05-01,A5520110307,11,"AQ Gamer 3","Premium Black",609.7926,6707.7186
2021-05-01,A5520110308,16,"AQ Gamer 3","Premium Misty Green",590.1159,9441.8544
2021-05-01,A5620110401,4,"AQ Smash 1","Standard Firey Red",642.0698,2568.2792
2021-05-01,A5620110402,4,"AQ Smash 1","Standard Cool Blue",593.8297,2375.3188
2021-05-01,A5621110403,14,"AQ Smash 1","Standard Black",631.1855,8836.5970
2021-05-01,A5621110404,4,"AQ Smash 1","Plus Firey Red",639.9614,2559.8456
2021-05-01,A5621110405,12,"AQ Smash 1","Plus Cool Blue",601.8173,7221.8076
2021-05-01,A5621110406,7,"AQ Smash 1","Plus Black",644.3777,4510.6439
2021-05-01,A5621110407,7,"AQ Smash 1","Premium Black",655.7782,4590.4474
2021-05-01,A5621110408,9,"AQ Smash 1","Premium Misty Green",657.2525,5915.2725
2021-05-01,A5721110501,3,"AQ Smash 2","Standard Firey Red",649.6929,1949.0787
2021-05-01,A5721110502,6,"AQ Smash 2","Standard Cool Blue",627.9938,3767.9628
2021-05-01,A5721110503,3,"AQ Smash 2","Standard Black",678.3035,2034.9105
2021-05-01,A5721110504,9,"AQ Smash 2","Plus Firey Red",655.8348,5902.5132
2021-05-01,A5721110505,17,"AQ Smash 2","Plus Cool Blue",674.4272,11465.2624
2021-05-01,A5721110506,10,"AQ Smash 2","Plus Black",720.5460,7205.4600
2021-05-01,A5820110101,22,"AQ BZ Allin1","Standard 1",681.3022,14988.6484
2021-05-01,A5820110102,28,"AQ BZ Allin1","Standard 2",697.5541,19531.5148
2021-05-01,A5820110103,10,"AQ BZ Allin1","Standard 3",735.1465,7351.4650
2021-05-01,A5820110104,22,"AQ BZ Allin1","Plus 1",690.4971,15190.9362
2021-05-01,A5820110105,13,"AQ BZ Allin1","Plus 2",709.3926,9222.1038
2021-05-01,A5820110106,8,"AQ BZ Allin1","Plus 3",692.5242,5540.1936
2021-05-01,A5820110107,17,"AQ BZ Allin1","Premium 1",737.6775,12540.5175
2021-05-01,A5821110108,19,"AQ BZ Allin1","Premium 2",746.7388,14188.0372
2021-05-01,A6018110101,4,"AQ Home Allin1","Standard 1",800.4577,3201.8308
2021-05-01,A6018110102,5,"AQ Home Allin1","Standard 2",764.0542,3820.2710
2021-05-01,A6018110103,2,"AQ Home Allin1","Standard 3",770.9789,1541.9578
2021-05-01,A6018110104,3,"AQ Home Allin1","Plus 1",749.0987,2247.2961
2021-05-01,A6018110105,3,"AQ Home Allin1","Plus 2",766.6472,2299.9416
2021-05-01,A6018110106,2,"AQ Home Allin1","Plus 3",787.5874,1575.1748
2021-05-01,A6019110107,2,"AQ Home Allin1","Premium 1",785.9918,1571.9836
2021-05-01,A6019110108,2,"AQ Home Allin1","Premium 2",796.6606,1593.3212
2021-05-01,A6119110201,4,"AQ HOME Allin1 Gen 2","Standard 1",824.0889,3296.3556
2021-05-01,A6119110202,3,"AQ HOME Allin1 Gen 2","Standard 2",790.1040,2370.3120
2021-05-01,A6119110203,3,"AQ HOME Allin1 Gen 2","Standard 3",769.5635,2308.6905
2021-05-01,A6119110204,2,"AQ HOME Allin1 Gen 2","Plus 1",807.2638,1614.5276
2021-05-01,A6120110205,3,"AQ HOME Allin1 Gen 2","Plus 2",834.9812,2504.9436
2021-05-01,A6120110206,6,"AQ HOME Allin1 Gen 2","Plus 3",810.6034,4863.6204
2021-05-01,A6218160101,599,"AQ Digit SSD",Standard,13.5941,8142.8659
2021-05-01,A6218160102,1023,"AQ Digit SSD",Plus,15.2481,15598.8063
2021-05-01,A6219160103,489,"AQ Digit SSD",Premium,16.3003,7970.8467
2021-05-01,A6319160201,389,"AQ Neuer SSD",Standard,17.3590,6752.6510
2021-05-01,A6319160202,235,"AQ Neuer SSD",Plus,18.5733,4364.7255
2021-05-01,A6319160203,137,"AQ Neuer SSD",Premium,19.3433,2650.0321
2021-05-01,A6419160301,483,"AQ Clx1",Standard,17.8043,8599.4769
2021-05-01,A6419160302,198,"AQ Clx1",Plus,19.6723,3895.1154
2021-05-01,A6419160303,936,"AQ Clx1",Premium,19.3342,18096.8112
2021-05-01,A6519160401,453,"AQ Clx2",Standard,20.2889,9190.8717
2021-05-01,A6520160402,171,"AQ Clx2",Plus,20.1650,3448.2150
2021-05-01,A6520160403,551,"AQ Clx2",Premium,21.2830,11726.9330
2021-05-01,A6620160501,593,"AQ Clx3",Standard,22.8530,13551.8290
2021-05-01,A6720160103,1735,"AQ Pen Drive 2 IN 1",Premium,4.4411,7705.3085
2021-05-01,A6818160201,563,"AQ Pen Drive DRC",Standard,2.9990,1688.4370
2021-05-01,A6818160202,472,"AQ Pen Drive DRC",Plus,3.8531,1818.6632
2021-05-01,A6819160203,556,"AQ Pen Drive DRC",Premium,5.0984,2834.7104
2021-05-01,A7118160101,269,"AQ Wi Power Dx1",Standard,29.6712,7981.5528
2021-05-01,A7119160102,701,"AQ Wi Power Dx1",Plus,29.9264,20978.4064
2021-05-01,A7119160103,337,"AQ Wi Power Dx1",Premium,28.7736,9696.7032
2021-05-01,A7219160201,199,"AQ Wi Power Dx2",Standard,32.9575,6558.5425
2021-05-01,A7220160202,481,"AQ Wi Power Dx2",Plus,35.2053,16933.7493
2021-05-01,A7220160203,638,"AQ Wi Power Dx2",Premium,37.4784,23911.2192
2021-05-01,A7321160301,304,"AQ Wi Power Dx3",Standard,40.7954,12401.8016
2021-05-01,A7321160302,681,"AQ Wi Power Dx3",Plus,43.9446,29926.2726
2021-05-01,A7321160303,487,"AQ Wi Power Dx3",Premium,42.8483,20867.1221
2021-06-01,A0118150101,205,"AQ Dracula HDD – 3.5 Inch SATA 6 Gb/s 5400 RPM 256 MB Cache",Standard,19.0573,3906.7465
2021-06-01,A0118150102,78,"AQ Dracula HDD – 3.5 Inch SATA 6 Gb/s 5400 RPM 256 MB Cache",Plus,21.4565,1673.6070
2021-06-01,A0118150103,48,"AQ Dracula HDD – 3.5 Inch SATA 6 Gb/s 5400 RPM 256 MB Cache",Premium,21.7795,1045.4160
2021-06-01,A0118150104,126,"AQ Dracula HDD – 3.5 Inch SATA 6 Gb/s 5400 RPM 256 MB Cache","Premium Plus",22.9729,2894.5854
2021-06-01,A0219150201,40,"AQ WereWolf NAS Internal Hard Drive HDD – 8.89 cm",Standard,23.6987,947.9480
2021-06-01,A0219150202,102,"AQ WereWolf NAS Internal Hard Drive HDD – 8.89 cm",Plus,24.7312,2522.5824
2021-06-01,A0220150203,31,"AQ WereWolf NAS Internal Hard Drive HDD – 8.89 cm",Premium,23.6154,732.0774
2021-06-01,A0320150301,91,"AQ Zion Saga",Standard,23.7223,2158.7293
2021-06-01,A0321150302,70,"AQ Zion Saga",Plus,27.1027,1897.1890
2021-06-01,A0321150303,145,"AQ Zion Saga",Premium,28.0059,4060.8555
2021-06-01,A0418150103,108,"AQ Mforce Gen X","Standard 3",19.5235,2108.5380
2021-06-01,A0418150104,76,"AQ Mforce Gen X","Plus 1",19.9239,1514.2164
2021-06-01,A0418150105,84,"AQ Mforce Gen X","Plus 2",20.0766,1686.4344
2021-06-01,A0418150106,114,"AQ Mforce Gen X","Plus 3",19.9365,2272.7610
2021-06-01,A0519150201,58,"AQ Mforce Gen Y","Standard 1",22.3984,1299.1072
2021-06-01,A0519150202,107,"AQ Mforce Gen Y","Standard 2",24.9298,2667.4886
2021-06-01,A0519150203,156,"AQ Mforce Gen Y","Standard 3",26.5871,4147.5876
2021-06-01,A0519150204,78,"AQ Mforce Gen Y","Plus 1",26.1081,2036.4318
2021-06-01,A0519150205,144,"AQ Mforce Gen Y","Plus 2",29.7008,4276.9152
2021-06-01,A0519150206,161,"AQ Mforce Gen Y","Plus 3",31.2439,5030.2679
2021-06-01,A0519150207,126,"AQ Mforce Gen Y","Premium 1",32.4427,4087.7802
2021-06-01,A0519150208,94,"AQ Mforce Gen Y","Premium 2",30.5816,2874.6704
2021-06-01,A0619150301,119,"AQ Mforce Gen Z","Standard 1",30.4696,3625.8824
2021-06-01,A0619150302,149,"AQ Mforce Gen Z","Standard 2",34.0973,5080.4977
2021-06-01,A0620150303,87,"AQ Mforce Gen Z","Standard 3",34.2412,2978.9844
2021-06-01,A0620150304,122,"AQ Mforce Gen Z","Plus 1",37.5826,4585.0772
2021-06-01,A0620150305,25,"AQ Mforce Gen Z","Plus 2",36.5679,914.1975
2021-06-01,A0620150306,182,"AQ Mforce Gen Z","Plus 3",37.5278,6830.0596
2021-06-01,A0621150307,57,"AQ Mforce Gen Z","Premium 1",36.2434,2065.8738
2021-06-01,A0621150308,184,"AQ Mforce Gen Z","Premium 2",39.3990,7249.4160
2021-06-01,A0721150401,119,"AQ GT 21",Standard,39.3377,4681.1863
2021-06-01,A0721150402,60,"AQ GT 21","Plus 1",39.1465,2348.7900
2021-06-01,A0721150403,188,"AQ GT 21","Plus 2",39.2990,7388.2120
2021-06-01,A0721150404,81,"AQ GT 21",Premium,39.1215,3168.8415
2021-06-01,A0821150501,63,"AQ Marquee P3",Standard,40.5013,2551.5819
2021-06-01,A0821150502,21,"AQ Marquee P3","Plus 1",43.2966,909.2286
2021-06-01,A0821150503,154,"AQ Marquee P3","Plus 2",42.3841,6527.1514
2021-06-01,A0821150504,31,"AQ Marquee P3",Premium,44.7044,1385.8364
2021-06-01,A0921150601,132,"AQ Marquee P4",Standard,45.0813,5950.7316
2021-06-01,A1018150101,101,"AQ 5000 Series Electron 9 5900X Desktop Processor",Standard,111.1036,11221.4636
2021-06-01,A1018150102,86,"AQ 5000 Series Electron 9 5900X Desktop Processor",Plus,123.4797,10619.2542
2021-06-01,A1018150103,168,"AQ 5000 Series Electron 9 5900X Desktop Processor",Premium,123.9315,20820.4920
2021-06-01,A1118150201,24,"AQ 5000 Series Electron 8 5900X Desktop Processor",Standard,124.2640,2982.3360
2021-06-01,A1118150202,91,"AQ 5000 Series Electron 8 5900X Desktop Processor",Plus,129.5836,11792.1076
2021-06-01,A1119150203,77,"AQ 5000 Series Electron 8 5900X Desktop Processor",Premium,139.8962,10772.0074
2021-06-01,A1219150301,181,"AQ 5000 Series Ultron 8 5900X Desktop Processor",Standard,135.6822,24558.4782
2021-06-01,A1219150302,127,"AQ 5000 Series Ultron 8 5900X Desktop Processor",Plus,145.1474,18433.7198
2021-06-01,A1219150303,135,"AQ 5000 Series Ultron 8 5900X Desktop Processor",Premium,142.9402,19296.9270
2021-06-01,A1319150401,160,"AQ Electron 5 3600 Desktop Processor",Standard,149.1034,23856.5440
2021-06-01,A1320150402,64,"AQ Electron 5 3600 Desktop Processor",Plus,150.2450,9615.6800
2021-06-01,A1320150403,123,"AQ Electron 5 3600 Desktop Processor",Premium,160.6912,19765.0176
2021-06-01,A1420150501,48,"AQ Electron 4 3600 Desktop Processor",Standard,160.5082,7704.3936
2021-06-01,A1420150502,54,"AQ Electron 4 3600 Desktop Processor",Plus,169.4999,9152.9946
2021-06-01,A1421150503,92,"AQ Electron 4 3600 Desktop Processor",Premium,176.4389,16232.3788
2021-06-01,A1521150601,184,"AQ Electron 3 3600 Desktop Processor",Standard,186.2917,34277.6728
2021-06-01,A1521150602,98,"AQ Electron 3 3600 Desktop Processor",Plus,185.4599,18175.0702
2021-06-01,A1618150101,124,"AQ MB Elite",Standard,19.6485,2436.4140
2021-06-01,A1618150102,124,"AQ MB Elite","Plus 1",20.4629,2537.3996
2021-06-01,A1618150103,116,"AQ MB Elite","Plus 2",21.2017,2459.3972
2021-06-01,A1618150104,38,"AQ MB Elite",Premium,21.4489,815.0582
2021-06-01,A1718150201,67,"AQ MB Crossx",Standard,21.8879,1466.4893
2021-06-01,A1718150202,103,"AQ MB Crossx","Plus 1",22.8957,2358.2571
2021-06-01,A1718150203,58,"AQ MB Crossx","Plus 2",27.3445,1585.9810
2021-06-01,A1718150204,20,"AQ MB Crossx",Premium,28.3991,567.9820
2021-06-01,A1819150301,98,"AQ MB Crossx 2",Standard,28.8615,2828.4270
2021-06-01,A1819150302,29,"AQ MB Crossx 2","Plus 1",31.9525,926.6225
2021-06-01,A1819150303,58,"AQ MB Crossx 2","Plus 2",32.1924,1867.1592
2021-06-01,A1819150304,51,"AQ MB Crossx 2",Premium,32.2612,1645.3212
2021-06-01,A1919150401,61,"AQ MB Lito",Standard,33.7609,2059.4149
2021-06-01,A1919150402,48,"AQ MB Lito","Plus 1",35.0256,1681.2288
2021-06-01,A1919150403,76,"AQ MB Lito","Plus 2",35.8350,2723.4600
2021-06-01,A1920150404,122,"AQ MB Lito",Premium,38.9780,4755.3160
2021-06-01,A2020150501,134,"AQ MB Lito 2",Standard,41.3696,5543.5264
2021-06-01,A2020150502,34,"AQ MB Lito 2","Plus 1",39.3932,1339.3688
2021-06-01,A2021150503,142,"AQ MB Lito 2","Plus 2",45.4377,6452.1534
2021-06-01,A2118150101,830,"AQ Master wired x1 Ms","Standard 1",2.9434,2443.0220
2021-06-01,A2118150102,778,"AQ Master wired x1 Ms","Standard 2",3.9998,3111.8444
2021-06-01,A2118150103,817,"AQ Master wired x1 Ms","Plus 1",4.5295,3700.6015
2021-06-01,A2118150104,892,"AQ Master wired x1 Ms","Plus 2",5.0459,4500.9428
2021-06-01,A2118150105,647,"AQ Master wired x1 Ms","Premium 1",4.6904,3034.6888
2021-06-01,A2118150106,701,"AQ Master wired x1 Ms","Premium 2",5.2542,3683.1942
2021-06-01,A2218150201,451,"AQ Master wireless x1 Ms","Standard 1",5.4383,2452.6733
2021-06-01,A2218150202,483,"AQ Master wireless x1 Ms","Standard 2",6.4054,3093.8082
2021-06-01,A2219150203,786,"AQ Master wireless x1 Ms","Plus 1",6.7301,5289.8586
2021-06-01,A2219150204,345,"AQ Master wireless x1 Ms","Plus 2",7.3526,2536.6470
2021-06-01,A2219150205,682,"AQ Master wireless x1 Ms","Premium 1",7.9813,5443.2466
2021-06-01,A2219150206,401,"AQ Master wireless x1 Ms","Premium 2",8.3193,3336.0393
2021-06-01,A2319150301,512,"AQ Gamers Ms","Standard 1",8.8044,4507.8528
2021-06-01,A2319150302,1011,"AQ Gamers Ms","Standard 2",8.9901,9088.9911
2021-06-01,A2319150303,237,"AQ Gamers Ms","Plus 1",9.3977,2227.2549
2021-06-01,A2319150304,327,"AQ Gamers Ms","Plus 2",10.4573,3419.5371
2021-06-01,A2319150305,270,"AQ Gamers Ms","Premium 1",10.4370,2817.9900
2021-06-01,A2319150306,256,"AQ Gamers Ms","Premium 2",10.8659,2781.6704
2021-06-01,A2419150401,310,"AQ Lite Ms","Standard 1",11.4829,3559.6990
2021-06-01,A2419150402,753,"AQ Lite Ms","Standard 2",11.2819,8495.2707
2021-06-01,A2419150403,277,"AQ Lite Ms","Plus 1",10.8925,3017.2225
2021-06-01,A2419150404,520,"AQ Lite Ms","Plus 2",11.6332,6049.2640
2021-06-01,A2419150405,909,"AQ Lite Ms","Premium 1",12.7423,11582.7507
2021-06-01,A2420150406,1015,"AQ Lite Ms","Premium 2",12.2979,12482.3685
2021-06-01,A2520150501,202,"AQ Maxima Ms","Standard 1",12.0689,2437.9178
2021-06-01,A2520150502,133,"AQ Maxima Ms","Standard 2",14.5267,1932.0511
2021-06-01,A2520150503,137,"AQ Maxima Ms","Plus 1",14.1682,1941.0434
2021-06-01,A2520150504,740,"AQ Maxima Ms","Plus 2",14.2800,10567.2000
2021-06-01,A2520150505,352,"AQ Maxima Ms","Premium 1",15.1762,5342.0224
2021-06-01,A2520150506,106,"AQ Maxima Ms","Premium 2",14.5677,1544.1762
2021-06-01,A2620150601,320,"AQ Qwerty Ms","Standard 1",14.9013,4768.4160
2021-06-01,A2620150602,480,"AQ Qwerty Ms","Standard 2",15.8102,7588.8960
2021-06-01,A2620150603,996,"AQ Qwerty Ms","Plus 1",15.9792,15915.2832
2021-06-01,A2620150604,971,"AQ Qwerty Ms","Plus 2",16.5491,16069.1761
2021-06-01,A2620150605,256,"AQ Qwerty Ms","Premium 1",16.5882,4246.5792
2021-06-01,A2620150606,626,"AQ Qwerty Ms","Premium 2",16.7850,10507.4100
2021-06-01,A2720150701,391,"AQ Trigger Ms","Standard 1",17.0917,6682.8547
2021-06-01,A2721150702,811,"AQ Trigger Ms","Standard 2",17.2368,13979.0448
2021-06-01,A2721150703,553,"AQ Trigger Ms","Plus 1",16.9353,9365.2209
2021-06-01,A2721150704,942,"AQ Trigger Ms","Plus 2",19.5860,18450.0120
2021-06-01,A2721150705,734,"AQ Trigger Ms","Premium 1",19.4042,14242.6828
2021-06-01,A2721150706,499,"AQ Trigger Ms","Premium 2",20.0537,10006.7963
2021-06-01,A2821150801,582,"AQ Lumina Ms","Standard 1",21.7118,12636.2676
2021-06-01,A2918150101,329,"AQ Master wired x1","Standard 1",6.8991,2269.8039
2021-06-01,A2918150102,440,"AQ Master wired x1","Standard 2",7.5979,3343.0760
2021-06-01,A2918150103,854,"AQ Master wired x1","Plus 1",7.7693,6634.9822
2021-06-01,A2918150104,194,"AQ Master wired x1","Plus 2",8.9514,1736.5716
2021-06-01,A2918150105,410,"AQ Master wired x1","Premium 1",9.4650,3880.6500
2021-06-01,A2918150106,625,"AQ Master wired x1","Premium 2",10.4188,6511.7500
2021-06-01,A3018150201,359,"AQ Master wireless x1","Standard 1",10.7955,3875.5845
2021-06-01,A3018150202,292,"AQ Master wireless x1","Standard 2",11.0524,3227.3008
2021-06-01,A3018150203,850,"AQ Master wireless x1","Plus 1",12.3739,10517.8150
2021-06-01,A3019150204,514,"AQ Master wireless x1","Plus 2",11.6011,5962.9654
2021-06-01,A3019150205,414,"AQ Master wireless x1","Premium 1",12.0509,4989.0726
2021-06-01,A3019150206,356,"AQ Master wireless x1","Premium 2",13.0018,4628.6408
2021-06-01,A3119150301,817,"AQ Gamers ","Standard 1",13.5061,11034.4837
2021-06-01,A3119150302,815,"AQ Gamers ","Standard 2",15.3071,12475.2865
2021-06-01,A3119150303,642,"AQ Gamers ","Plus 1",16.2407,10426.5294
2021-06-01,A3120150304,593,"AQ Gamers ","Plus 2",16.3792,9712.8656
2021-06-01,A3120150305,840,"AQ Gamers ","Premium 1",16.3218,13710.3120
2021-06-01,A3120150306,736,"AQ Gamers ","Premium 2",19.3003,14205.0208
2021-06-01,A3220150401,477,"AQ Lite","Standard 1",18.4943,8821.7811
2021-06-01,A3220150402,239,"AQ Lite","Standard 2",18.7947,4491.9333
2021-06-01,A3220150403,95,"AQ Lite","Plus 1",18.5844,1765.5180
2021-06-01,A3220150404,442,"AQ Lite","Plus 2",18.4219,8142.4798
2021-06-01,A3220150405,737,"AQ Lite","Premium 1",18.9415,13959.8855
2021-06-01,A3220150406,658,"AQ Lite","Premium 2",20.0066,13164.3428
2021-06-01,A3320150501,632,"AQ Maxima","Standard 1",20.3908,12886.9856
2021-06-01,A3320150502,431,"AQ Maxima","Standard 2",21.6988,9352.1828
2021-06-01,A3320150503,438,"AQ Maxima","Plus 1",20.8733,9142.5054
2021-06-01,A3320150504,604,"AQ Maxima","Plus 2",22.1341,13368.9964
2021-06-01,A3320150505,496,"AQ Maxima","Premium 1",23.0844,11449.8624
2021-06-01,A3320150506,414,"AQ Maxima","Premium 2",23.7678,9839.8692
2021-06-01,A3420150601,676,"AQ Qwerty","Standard 1",24.5690,16608.6440
2021-06-01,A3420150602,824,"AQ Qwerty","Standard 2",23.9726,19753.4224
2021-06-01,A3421150603,266,"AQ Qwerty","Plus 1",26.9507,7168.8862
2021-06-01,A3421150604,190,"AQ Qwerty","Plus 2",27.4152,5208.8880
2021-06-01,A3421150605,222,"AQ Qwerty","Premium 1",29.8692,6630.9624
2021-06-01,A3421150606,523,"AQ Qwerty","Premium 2",29.6709,15517.8807
2021-06-01,A3521150701,241,"AQ Trigger","Standard 1",29.3872,7082.3152
2021-06-01,A3521150702,671,"AQ Trigger","Standard 2",30.3414,20359.0794
2021-06-01,A3521150703,456,"AQ Trigger","Plus 1",31.7665,14485.5240
2021-06-01,A3521150704,396,"AQ Trigger","Plus 2",33.6246,13315.3416
2021-06-01,A3521150705,188,"AQ Trigger","Premium 1",34.5114,6488.1432
2021-06-01,A3718150101,60,"AQ LION x1",Standard,16.5127,990.7620
2021-06-01,A3718150102,65,"AQ LION x1","Plus 1 ",16.1015,1046.5975
2021-06-01,A3718150103,68,"AQ LION x1","Plus 2",17.5697,1194.7396
2021-06-01,A3718150105,27,"AQ LION x1",Premium,18.0312,486.8424
2021-06-01,A3818150201,56,"AQ LION x2",Standard,17.2648,966.8288
2021-06-01,A3818150202,16,"AQ LION x2","Plus 1 ",17.5197,280.3152
2021-06-01,A3819150203,53,"AQ LION x2","Plus 2",18.4533,978.0249
2021-06-01,A3819150204,11,"AQ LION x2","Plus 3",21.1942,233.1362
2021-06-01,A3819150205,21,"AQ LION x2",Premium,21.6066,453.7386
2021-06-01,A3920150301,32,"AQ LION x3",Standard,22.1454,708.6528
2021-06-01,A3920150302,36,"AQ LION x3","Plus 1 ",23.1520,833.4720
2021-06-01,A3920150303,69,"AQ LION x3","Plus 2",25.4670,1757.2230
2021-06-01,A3920150304,85,"AQ LION x3","Plus 3",25.0442,2128.7570
2021-06-01,A3920150305,74,"AQ LION x3",Premium,27.4546,2031.6404
2021-06-01,A4020150401,78,"AQ Mx NB",Standard,26.9302,2100.5556
2021-06-01,A4020150402,10,"AQ Mx NB","Plus 1 ",28.4500,284.5000
2021-06-01,A4021150403,41,"AQ Mx NB","Plus 2",29.9423,1227.6343
2021-06-01,A4021150404,45,"AQ Mx NB","Plus 3",28.5800,1286.1000
2021-06-01,A4021150405,36,"AQ Mx NB",Premium,31.7029,1141.3044
2021-06-01,A4118110105,30,"AQ Aspiron","Plus Blue",182.8932,5486.7960
2021-06-01,A4118110106,11,"AQ Aspiron","Plus Red",187.7533,2065.2863
2021-06-01,A4118110107,30,"AQ Aspiron","Premium Black",195.7721,5873.1630
2021-06-01,A4218110201,15,"AQ Digit","Standard Grey",200.2732,3004.0980
2021-06-01,A4218110202,27,"AQ Digit","Standard Blue",215.9341,5830.2207
2021-06-01,A4218110203,26,"AQ Digit","Standard Red",236.8486,6158.0636
2021-06-01,A4218110204,12,"AQ Digit","Plus Grey",232.1038,2785.2456
2021-06-01,A4218110205,14,"AQ Digit","Plus Blue",240.1403,3361.9642
2021-06-01,A4218110206,40,"AQ Digit","Plus Red",237.0183,9480.7320
2021-06-01,A4218110207,38,"AQ Digit","Premium Black",249.1303,9466.9514
2021-06-01,A4218110208,39,"AQ Digit","Premium Misty Green",243.0414,9478.6146
2021-06-01,A4318110301,39,"AQ Velocity","Standard Grey",264.7000,10323.3000
2021-06-01,A4319110302,34,"AQ Velocity","Standard Blue",267.2091,9085.1094
2021-06-01,A4319110303,21,"AQ Velocity","Standard Red",261.2305,5485.8405
2021-06-01,A4319110304,12,"AQ Velocity","Plus Grey",267.0636,3204.7632
2021-06-01,A4319110305,9,"AQ Velocity","Plus Blue",277.8079,2500.2711
2021-06-01,A4319110306,40,"AQ Velocity","Plus Red",275.8194,11032.7760
2021-06-01,A4419110401,30,"AQ Elite","Standard Grey",271.3471,8140.4130
2021-06-01,A4419110402,28,"AQ Elite","Standard Blue",281.9504,7894.6112
2021-06-01,A4419110403,14,"AQ Elite","Standard Red",288.0503,4032.7042
2021-06-01,A4419110404,7,"AQ Elite","Plus Grey",286.8973,2008.2811
2021-06-01,A4419110405,32,"AQ Elite","Plus Blue",291.2071,9318.6272
2021-06-01,A4419110406,11,"AQ Elite","Plus Red",287.5666,3163.2326
2021-06-01,A4419110407,27,"AQ Elite","Premium Black",287.4934,7762.3218
2021-06-01,A4419110408,30,"AQ Elite","Premium Misty Green",297.0277,8910.8310
2021-06-01,A4519110501,7,"AQ Gen X","Standard Grey",311.8396,2182.8772
2021-06-01,A4519110502,30,"AQ Gen X","Standard Blue",300.3378,9010.1340
2021-06-01,A4519110503,20,"AQ Gen X","Standard Red",306.9189,6138.3780
2021-06-01,A4520110504,14,"AQ Gen X","Plus Grey",341.7343,4784.2802
2021-06-01,A4520110505,25,"AQ Gen X","Plus Blue",325.2156,8130.3900
2021-06-01,A4520110506,27,"AQ Gen X","Plus Red",325.2561,8781.9147
2021-06-01,A4520110507,7,"AQ Gen X","Premium Black",322.9426,2260.5982
2021-06-01,A4520110508,13,"AQ Gen X","Premium Misty Green",327.0930,4252.2090
2021-06-01,A4620110601,24,"AQ Gen Y","Standard Grey",347.2474,8333.9376
2021-06-01,A4620110602,27,"AQ Gen Y","Standard Blue",346.6886,9360.5922
2021-06-01,A4620110603,24,"AQ Gen Y","Standard Red",366.0459,8785.1016
2021-06-01,A4620110604,25,"AQ Gen Y","Plus Grey",353.0982,8827.4550
2021-06-01,A4620110605,20,"AQ Gen Y","Plus Blue",349.2525,6985.0500
2021-06-01,A4620110606,8,"AQ Gen Y","Plus Red",348.5375,2788.3000
2021-06-01,A4620110607,13,"AQ Gen Y","Premium Black",347.8030,4521.4390
2021-06-01,A4620110608,19,"AQ Gen Y","Premium Misty Green",363.0630,6898.1970
2021-06-01,A4720110701,37,"AQ GEN Z","Standard Grey",367.7335,13606.1395
2021-06-01,A4720110702,20,"AQ GEN Z","Standard Blue",371.4027,7428.0540
2021-06-01,A4721110703,22,"AQ GEN Z","Standard Red",361.6496,7956.2912
2021-06-01,A4721110704,36,"AQ GEN Z","Plus Grey",380.2153,13687.7508
2021-06-01,A4721110705,27,"AQ GEN Z","Plus Blue",377.4069,10189.9863
2021-06-01,A4918110101,25,"AQ BZ 101","Standard Grey",419.1936,10479.8400
2021-06-01,A4918110102,8,"AQ BZ 101","Standard Blue",451.4881,3611.9048
2021-06-01,A4918110103,20,"AQ BZ 101","Premium Black",428.1451,8562.9020
2021-06-01,A4918110104,23,"AQ BZ 101","Premium Misty Green",460.2805,10586.4515
2021-06-01,A5018110201,19,"AQ BZ Compact","Standard Grey",451.7049,8582.3931
2021-06-01,A5018110202,14,"AQ BZ Compact","Standard Blue",462.5568,6475.7952
2021-06-01,A5018110203,15,"AQ BZ Compact","Standard Red",452.1420,6782.1300
2021-06-01,A5018110204,26,"AQ BZ Compact","Plus Grey",447.7337,11641.0762
2021-06-01,A5018110205,24,"AQ BZ Compact","Plus Blue",486.1763,11668.2312
2021-06-01,A5018110206,13,"AQ BZ Compact","Plus Red",475.5544,6182.2072
2021-06-01,A5018110207,7,"AQ BZ Compact","Premium Black",475.1904,3326.3328
2021-06-01,A5019110208,16,"AQ BZ Compact","Premium Misty Green",467.3047,7476.8752
2021-06-01,A5119110301,7,"AQ BZ Gen Y","Standard Grey",479.0441,3353.3087
2021-06-01,A5119110302,10,"AQ BZ Gen Y","Standard Blue",474.3132,4743.1320
2021-06-01,A5119110303,24,"AQ BZ Gen Y","Standard Red",474.3154,11383.5696
2021-06-01,A5119110305,28,"AQ BZ Gen Y","Plus Blue",483.3813,13534.6764
2021-06-01,A5119110306,17,"AQ BZ Gen Y","Plus Red",486.4857,8270.2569
2021-06-01,A5119110307,5,"AQ BZ Gen Y","Premium Black",516.4580,2582.2900
2021-06-01,A5119110308,29,"AQ BZ Gen Y","Premium Misty Green",512.5811,14864.8519
2021-06-01,A5219110401,21,"AQ BZ Gen Z","Standard Grey",506.9644,10646.2524
2021-06-01,A5219110402,16,"AQ BZ Gen Z","Standard Blue",490.1582,7842.5312
2021-06-01,A5219110403,10,"AQ BZ Gen Z","Standard Red",525.8042,5258.0420
2021-06-01,A5219110405,14,"AQ BZ Gen Z","Plus Blue",521.2603,7297.6442
2021-06-01,A5219110406,13,"AQ BZ Gen Z","Plus Red",550.4597,7155.9761
2021-06-01,A5219110407,12,"AQ BZ Gen Z","Premium Black",545.5931,6547.1172
2021-06-01,A5220110408,22,"AQ BZ Gen Z","Premium Misty Green",533.0397,11726.8734
2021-06-01,A5318110103,15,"AQ Gamer 1","Standard Black",584.9722,8774.5830
2021-06-01,A5318110104,7,"AQ Gamer 1","Plus Firey Red",586.3824,4104.6768
2021-06-01,A5318110105,8,"AQ Gamer 1","Plus Cool Blue",551.3303,4410.6424
2021-06-01,A5318110106,10,"AQ Gamer 1","Plus Black",565.8747,5658.7470
2021-06-01,A5318110107,12,"AQ Gamer 1","Premium Black",571.6489,6859.7868
2021-06-01,A5318110108,8,"AQ Gamer 1","Premium Misty Green",579.6609,4637.2872
2021-06-01,A5419110201,10,"AQ Gamer 2","Standard Firey Red",585.0003,5850.0030
2021-06-01,A5419110202,10,"AQ Gamer 2","Standard Cool Blue",567.9271,5679.2710
2021-06-01,A5419110203,16,"AQ Gamer 2","Standard Black",595.5711,9529.1376
2021-06-01,A5419110204,15,"AQ Gamer 2","Plus Firey Red",602.9200,9043.8000
2021-06-01,A5419110205,13,"AQ Gamer 2","Plus Cool Blue",570.7578,7419.8514
2021-06-01,A5419110206,7,"AQ Gamer 2","Plus Black",601.6398,4211.4786
2021-06-01,A5419110207,6,"AQ Gamer 2","Premium Black",599.2302,3595.3812
2021-06-01,A5419110208,6,"AQ Gamer 2","Premium Misty Green",608.4070,3650.4420
2021-06-01,A5519110301,15,"AQ Gamer 3","Standard Firey Red",589.7411,8846.1165
2021-06-01,A5519110302,12,"AQ Gamer 3","Standard Cool Blue",605.8642,7270.3704
2021-06-01,A5519110303,3,"AQ Gamer 3","Standard Black",604.2721,1812.8163
2021-06-01,A5519110304,15,"AQ Gamer 3","Plus Firey Red",597.7704,8966.5560
2021-06-01,A5520110305,12,"AQ Gamer 3","Plus Cool Blue",632.4885,7589.8620
2021-06-01,A5520110306,5,"AQ Gamer 3","Plus Black",639.6816,3198.4080
2021-06-01,A5520110307,7,"AQ Gamer 3","Premium Black",609.7926,4268.5482
2021-06-01,A5520110308,15,"AQ Gamer 3","Premium Misty Green",590.1159,8851.7385
2021-06-01,A5620110401,11,"AQ Smash 1","Standard Firey Red",642.0698,7062.7678
2021-06-01,A5620110402,8,"AQ Smash 1","Standard Cool Blue",593.8297,4750.6376
2021-06-01,A5621110403,17,"AQ Smash 1","Standard Black",631.1855,10730.1535
2021-06-01,A5621110404,3,"AQ Smash 1","Plus Firey Red",639.9614,1919.8842
2021-06-01,A5621110405,14,"AQ Smash 1","Plus Cool Blue",601.8173,8425.4422
2021-06-01,A5621110406,17,"AQ Smash 1","Plus Black",644.3777,10954.4209
2021-06-01,A5621110407,10,"AQ Smash 1","Premium Black",655.7782,6557.7820
2021-06-01,A5621110408,16,"AQ Smash 1","Premium Misty Green",657.2525,10516.0400
2021-06-01,A5721110501,11,"AQ Smash 2","Standard Firey Red",649.6929,7146.6219
2021-06-01,A5721110502,6,"AQ Smash 2","Standard Cool Blue",627.9938,3767.9628
2021-06-01,A5721110503,5,"AQ Smash 2","Standard Black",678.3035,3391.5175
2021-06-01,A5721110504,5,"AQ Smash 2","Plus Firey Red",655.8348,3279.1740
2021-06-01,A5721110505,7,"AQ Smash 2","Plus Cool Blue",674.4272,4720.9904
2021-06-01,A5721110506,9,"AQ Smash 2","Plus Black",720.5460,6484.9140
2021-06-01,A5820110101,12,"AQ BZ Allin1","Standard 1",681.3022,8175.6264
2021-06-01,A5820110102,14,"AQ BZ Allin1","Standard 2",697.5541,9765.7574
2021-06-01,A5820110103,21,"AQ BZ Allin1","Standard 3",735.1465,15438.0765
2021-06-01,A5820110104,6,"AQ BZ Allin1","Plus 1",690.4971,4142.9826
2021-06-01,A5820110105,10,"AQ BZ Allin1","Plus 2",709.3926,7093.9260
2021-06-01,A5820110106,25,"AQ BZ Allin1","Plus 3",692.5242,17313.1050
2021-06-01,A5820110107,10,"AQ BZ Allin1","Premium 1",737.6775,7376.7750
2021-06-01,A5821110108,11,"AQ BZ Allin1","Premium 2",746.7388,8214.1268
2021-06-01,A6018110101,4,"AQ Home Allin1","Standard 1",800.4577,3201.8308
2021-06-01,A6018110102,4,"AQ Home Allin1","Standard 2",764.0542,3056.2168
2021-06-01,A6018110103,4,"AQ Home Allin1","Standard 3",770.9789,3083.9156
2021-06-01,A6018110104,3,"AQ Home Allin1","Plus 1",749.0987,2247.2961
2021-06-01,A6018110105,1,"AQ Home Allin1","Plus 2",766.6472,766.6472
2021-06-01,A6018110106,2,"AQ Home Allin1","Plus 3",787.5874,1575.1748
2021-06-01,A6019110107,2,"AQ Home Allin1","Premium 1",785.9918,1571.9836
2021-06-01,A6019110108,2,"AQ Home Allin1","Premium 2",796.6606,1593.3212
2021-06-01,A6119110201,1,"AQ HOME Allin1 Gen 2","Standard 1",824.0889,824.0889
2021-06-01,A6119110202,5,"AQ HOME Allin1 Gen 2","Standard 2",790.1040,3950.5200
2021-06-01,A6119110203,3,"AQ HOME Allin1 Gen 2","Standard 3",769.5635,2308.6905
2021-06-01,A6119110204,6,"AQ HOME Allin1 Gen 2","Plus 1",807.2638,4843.5828
2021-06-01,A6120110205,1,"AQ HOME Allin1 Gen 2","Plus 2",834.9812,834.9812
2021-06-01,A6120110206,5,"AQ HOME Allin1 Gen 2","Plus 3",810.6034,4053.0170
2021-06-01,A6218160101,1011,"AQ Digit SSD",Standard,13.5941,13743.6351
2021-06-01,A6218160102,364,"AQ Digit SSD",Plus,15.2481,5550.3084
2021-06-01,A6219160103,168,"AQ Digit SSD",Premium,16.3003,2738.4504
2021-06-01,A6319160201,666,"AQ Neuer SSD",Standard,17.3590,11561.0940
2021-06-01,A6319160202,697,"AQ Neuer SSD",Plus,18.5733,12945.5901
2021-06-01,A6319160203,826,"AQ Neuer SSD",Premium,19.3433,15977.5658
2021-06-01,A6419160301,865,"AQ Clx1",Standard,17.8043,15400.7195
2021-06-01,A6419160302,959,"AQ Clx1",Plus,19.6723,18865.7357
2021-06-01,A6419160303,620,"AQ Clx1",Premium,19.3342,11987.2040
2021-06-01,A6519160401,957,"AQ Clx2",Standard,20.2889,19416.4773
2021-06-01,A6520160402,352,"AQ Clx2",Plus,20.1650,7098.0800
2021-06-01,A6520160403,410,"AQ Clx2",Premium,21.2830,8726.0300
2021-06-01,A6620160501,763,"AQ Clx3",Standard,22.8530,17436.8390
2021-06-01,A6720160103,1123,"AQ Pen Drive 2 IN 1",Premium,4.4411,4987.3553
2021-06-01,A6818160201,1232,"AQ Pen Drive DRC",Standard,2.9990,3694.7680
2021-06-01,A6818160202,1295,"AQ Pen Drive DRC",Plus,3.8531,4989.7645
2021-06-01,A6819160203,1186,"AQ Pen Drive DRC",Premium,5.0984,6046.7024
2021-06-01,A7118160101,533,"AQ Wi Power Dx1",Standard,29.6712,15814.7496
2021-06-01,A7119160102,348,"AQ Wi Power Dx1",Plus,29.9264,10414.3872
2021-06-01,A7119160103,444,"AQ Wi Power Dx1",Premium,28.7736,12775.4784
2021-06-01,A7219160201,478,"AQ Wi Power Dx2",Standard,32.9575,15753.6850
2021-06-01,A7220160202,541,"AQ Wi Power Dx2",Plus,35.2053,19046.0673
2021-06-01,A7220160203,305,"AQ Wi Power Dx2",Premium,37.4784,11430.9120
2021-06-01,A7321160301,174,"AQ Wi Power Dx3",Standard,40.7954,7098.3996
2021-06-01,A7321160302,624,"AQ Wi Power Dx3",Plus,43.9446,27421.4304
2021-06-01,A7321160303,289,"AQ Wi Power Dx3",Premium,42.8483,12383.1587
2021-08-01,A0118150101,88,"AQ Dracula HDD – 3.5 Inch SATA 6 Gb/s 5400 RPM 256 MB Cache",Standard,19.0573,1677.0424
2021-08-01,A0118150102,196,"AQ Dracula HDD – 3.5 Inch SATA 6 Gb/s 5400 RPM 256 MB Cache",Plus,21.4565,4205.4740
2021-08-01,A0118150103,50,"AQ Dracula HDD – 3.5 Inch SATA 6 Gb/s 5400 RPM 256 MB Cache",Premium,21.7795,1088.9750
2021-08-01,A0118150104,29,"AQ Dracula HDD – 3.5 Inch SATA 6 Gb/s 5400 RPM 256 MB Cache","Premium Plus",22.9729,666.2141
2021-08-01,A0219150201,95,"AQ WereWolf NAS Internal Hard Drive HDD – 8.89 cm",Standard,23.6987,2251.3765
2021-08-01,A0219150202,117,"AQ WereWolf NAS Internal Hard Drive HDD – 8.89 cm",Plus,24.7312,2893.5504
2021-08-01,A0220150203,54,"AQ WereWolf NAS Internal Hard Drive HDD – 8.89 cm",Premium,23.6154,1275.2316
2021-08-01,A0320150301,243,"AQ Zion Saga",Standard,23.7223,5764.5189
2021-08-01,A0321150302,75,"AQ Zion Saga",Plus,27.1027,2032.7025
2021-08-01,A0321150303,151,"AQ Zion Saga",Premium,28.0059,4228.8909
2021-08-01,A0418150103,140,"AQ Mforce Gen X","Standard 3",19.5235,2733.2900
2021-08-01,A0418150104,166,"AQ Mforce Gen X","Plus 1",19.9239,3307.3674
2021-08-01,A0418150105,163,"AQ Mforce Gen X","Plus 2",20.0766,3272.4858
2021-08-01,A0418150106,65,"AQ Mforce Gen X","Plus 3",19.9365,1295.8725
2021-08-01,A0519150201,187,"AQ Mforce Gen Y","Standard 1",22.3984,4188.5008
2021-08-01,A0519150202,167,"AQ Mforce Gen Y","Standard 2",24.9298,4163.2766
2021-08-01,A0519150203,93,"AQ Mforce Gen Y","Standard 3",26.5871,2472.6003
2021-08-01,A0519150204,135,"AQ Mforce Gen Y","Plus 1",26.1081,3524.5935
2021-08-01,A0519150205,82,"AQ Mforce Gen Y","Plus 2",29.7008,2435.4656
2021-08-01,A0519150206,196,"AQ Mforce Gen Y","Plus 3",31.2439,6123.8044
2021-08-01,A0519150207,105,"AQ Mforce Gen Y","Premium 1",32.4427,3406.4835
2021-08-01,A0519150208,64,"AQ Mforce Gen Y","Premium 2",30.5816,1957.2224
2021-08-01,A0619150301,52,"AQ Mforce Gen Z","Standard 1",30.4696,1584.4192
2021-08-01,A0619150302,198,"AQ Mforce Gen Z","Standard 2",34.0973,6751.2654
2021-08-01,A0620150303,94,"AQ Mforce Gen Z","Standard 3",34.2412,3218.6728
2021-08-01,A0620150304,76,"AQ Mforce Gen Z","Plus 1",37.5826,2856.2776
2021-08-01,A0620150305,28,"AQ Mforce Gen Z","Plus 2",36.5679,1023.9012
2021-08-01,A0620150306,122,"AQ Mforce Gen Z","Plus 3",37.5278,4578.3916
2021-08-01,A0621150307,120,"AQ Mforce Gen Z","Premium 1",36.2434,4349.2080
2021-08-01,A0621150308,140,"AQ Mforce Gen Z","Premium 2",39.3990,5515.8600
2021-08-01,A0721150401,129,"AQ GT 21",Standard,39.3377,5074.5633
2021-08-01,A0721150402,148,"AQ GT 21","Plus 1",39.1465,5793.6820
2021-08-01,A0721150403,126,"AQ GT 21","Plus 2",39.2990,4951.6740
2021-08-01,A0721150404,160,"AQ GT 21",Premium,39.1215,6259.4400
2021-08-01,A0821150501,138,"AQ Marquee P3",Standard,40.5013,5589.1794
2021-08-01,A0821150502,124,"AQ Marquee P3","Plus 1",43.2966,5368.7784
2021-08-01,A0821150503,176,"AQ Marquee P3","Plus 2",42.3841,7459.6016
2021-08-01,A0821150504,184,"AQ Marquee P3",Premium,44.7044,8225.6096
2021-08-01,A0921150601,125,"AQ Marquee P4",Standard,45.0813,5635.1625
2021-08-01,A1018150101,77,"AQ 5000 Series Electron 9 5900X Desktop Processor",Standard,111.1036,8554.9772
2021-08-01,A1018150102,173,"AQ 5000 Series Electron 9 5900X Desktop Processor",Plus,123.4797,21361.9881
2021-08-01,A1018150103,51,"AQ 5000 Series Electron 9 5900X Desktop Processor",Premium,123.9315,6320.5065
2021-08-01,A1118150201,127,"AQ 5000 Series Electron 8 5900X Desktop Processor",Standard,124.2640,15781.5280
2021-08-01,A1118150202,177,"AQ 5000 Series Electron 8 5900X Desktop Processor",Plus,129.5836,22936.2972
2021-08-01,A1119150203,154,"AQ 5000 Series Electron 8 5900X Desktop Processor",Premium,139.8962,21544.0148
2021-08-01,A1219150301,194,"AQ 5000 Series Ultron 8 5900X Desktop Processor",Standard,135.6822,26322.3468
2021-08-01,A1219150302,82,"AQ 5000 Series Ultron 8 5900X Desktop Processor",Plus,145.1474,11902.0868
2021-08-01,A1219150303,35,"AQ 5000 Series Ultron 8 5900X Desktop Processor",Premium,142.9402,5002.9070
2021-08-01,A1319150401,112,"AQ Electron 5 3600 Desktop Processor",Standard,149.1034,16699.5808
2021-08-01,A1320150402,193,"AQ Electron 5 3600 Desktop Processor",Plus,150.2450,28997.2850
2021-08-01,A1320150403,109,"AQ Electron 5 3600 Desktop Processor",Premium,160.6912,17515.3408
2021-08-01,A1420150501,84,"AQ Electron 4 3600 Desktop Processor",Standard,160.5082,13482.6888
2021-08-01,A1420150502,139,"AQ Electron 4 3600 Desktop Processor",Plus,169.4999,23560.4861
2021-08-01,A1421150503,180,"AQ Electron 4 3600 Desktop Processor",Premium,176.4389,31759.0020
2021-08-01,A1521150601,168,"AQ Electron 3 3600 Desktop Processor",Standard,186.2917,31297.0056
2021-08-01,A1521150602,69,"AQ Electron 3 3600 Desktop Processor",Plus,185.4599,12796.7331
2021-08-01,A1618150101,33,"AQ MB Elite",Standard,19.6485,648.4005
2021-08-01,A1618150102,41,"AQ MB Elite","Plus 1",20.4629,838.9789
2021-08-01,A1618150103,129,"AQ MB Elite","Plus 2",21.2017,2735.0193
2021-08-01,A1618150104,50,"AQ MB Elite",Premium,21.4489,1072.4450
2021-08-01,A1718150201,131,"AQ MB Crossx",Standard,21.8879,2867.3149
2021-08-01,A1718150202,81,"AQ MB Crossx","Plus 1",22.8957,1854.5517
2021-08-01,A1718150203,106,"AQ MB Crossx","Plus 2",27.3445,2898.5170
2021-08-01,A1718150204,64,"AQ MB Crossx",Premium,28.3991,1817.5424
2021-08-01,A1819150301,115,"AQ MB Crossx 2",Standard,28.8615,3319.0725
2021-08-01,A1819150302,122,"AQ MB Crossx 2","Plus 1",31.9525,3898.2050
2021-08-01,A1819150303,75,"AQ MB Crossx 2","Plus 2",32.1924,2414.4300
2021-08-01,A1819150304,41,"AQ MB Crossx 2",Premium,32.2612,1322.7092
2021-08-01,A1919150401,62,"AQ MB Lito",Standard,33.7609,2093.1758
2021-08-01,A1919150402,117,"AQ MB Lito","Plus 1",35.0256,4097.9952
2021-08-01,A1919150403,38,"AQ MB Lito","Plus 2",35.8350,1361.7300
2021-08-01,A1920150404,100,"AQ MB Lito",Premium,38.9780,3897.8000
2021-08-01,A2020150501,102,"AQ MB Lito 2",Standard,41.3696,4219.6992
2021-08-01,A2020150502,41,"AQ MB Lito 2","Plus 1",39.3932,1615.1212
2021-08-01,A2021150503,35,"AQ MB Lito 2","Plus 2",45.4377,1590.3195
2021-08-01,A2118150101,216,"AQ Master wired x1 Ms","Standard 1",2.9434,635.7744
2021-08-01,A2118150102,287,"AQ Master wired x1 Ms","Standard 2",3.9998,1147.9426
2021-08-01,A2118150103,795,"AQ Master wired x1 Ms","Plus 1",4.5295,3600.9525
2021-08-01,A2118150104,815,"AQ Master wired x1 Ms","Plus 2",5.0459,4112.4085
2021-08-01,A2118150105,659,"AQ Master wired x1 Ms","Premium 1",4.6904,3090.9736
2021-08-01,A2118150106,820,"AQ Master wired x1 Ms","Premium 2",5.2542,4308.4440
2021-08-01,A2218150201,495,"AQ Master wireless x1 Ms","Standard 1",5.4383,2691.9585
2021-08-01,A2218150202,349,"AQ Master wireless x1 Ms","Standard 2",6.4054,2235.4846
2021-08-01,A2219150203,963,"AQ Master wireless x1 Ms","Plus 1",6.7301,6481.0863
2021-08-01,A2219150204,853,"AQ Master wireless x1 Ms","Plus 2",7.3526,6271.7678
2021-08-01,A2219150205,202,"AQ Master wireless x1 Ms","Premium 1",7.9813,1612.2226
2021-08-01,A2219150206,401,"AQ Master wireless x1 Ms","Premium 2",8.3193,3336.0393
2021-08-01,A2319150301,318,"AQ Gamers Ms","Standard 1",8.8044,2799.7992
2021-08-01,A2319150302,705,"AQ Gamers Ms","Standard 2",8.9901,6338.0205
2021-08-01,A2319150303,584,"AQ Gamers Ms","Plus 1",9.3977,5488.2568
2021-08-01,A2319150304,828,"AQ Gamers Ms","Plus 2",10.4573,8658.6444
2021-08-01,A2319150305,809,"AQ Gamers Ms","Premium 1",10.4370,8443.5330
2021-08-01,A2319150306,293,"AQ Gamers Ms","Premium 2",10.8659,3183.7087
2021-08-01,A2419150401,526,"AQ Lite Ms","Standard 1",11.4829,6040.0054
2021-08-01,A2419150402,196,"AQ Lite Ms","Standard 2",11.2819,2211.2524
2021-08-01,A2419150403,584,"AQ Lite Ms","Plus 1",10.8925,6361.2200
2021-08-01,A2419150404,279,"AQ Lite Ms","Plus 2",11.6332,3245.6628
2021-08-01,A2419150405,341,"AQ Lite Ms","Premium 1",12.7423,4345.1243
2021-08-01,A2420150406,643,"AQ Lite Ms","Premium 2",12.2979,7907.5497
2021-08-01,A2520150501,456,"AQ Maxima Ms","Standard 1",12.0689,5503.4184
2021-08-01,A2520150502,441,"AQ Maxima Ms","Standard 2",14.5267,6406.2747
2021-08-01,A2520150503,1015,"AQ Maxima Ms","Plus 1",14.1682,14380.7230
2021-08-01,A2520150504,337,"AQ Maxima Ms","Plus 2",14.2800,4812.3600
2021-08-01,A2520150505,639,"AQ Maxima Ms","Premium 1",15.1762,9697.5918
2021-08-01,A2520150506,599,"AQ Maxima Ms","Premium 2",14.5677,8726.0523
2021-08-01,A2620150601,458,"AQ Qwerty Ms","Standard 1",14.9013,6824.7954
2021-08-01,A2620150602,139,"AQ Qwerty Ms","Standard 2",15.8102,2197.6178
2021-08-01,A2620150603,755,"AQ Qwerty Ms","Plus 1",15.9792,12064.2960
2021-08-01,A2620150604,772,"AQ Qwerty Ms","Plus 2",16.5491,12775.9052
2021-08-01,A2620150605,603,"AQ Qwerty Ms","Premium 1",16.5882,10002.6846
2021-08-01,A2620150606,992,"AQ Qwerty Ms","Premium 2",16.7850,16650.7200
2021-08-01,A2720150701,817,"AQ Trigger Ms","Standard 1",17.0917,13963.9189
2021-08-01,A2721150702,795,"AQ Trigger Ms","Standard 2",17.2368,13703.2560
2021-08-01,A2721150703,125,"AQ Trigger Ms","Plus 1",16.9353,2116.9125
2021-08-01,A2721150704,235,"AQ Trigger Ms","Plus 2",19.5860,4602.7100
2021-08-01,A2721150705,146,"AQ Trigger Ms","Premium 1",19.4042,2833.0132
2021-08-01,A2721150706,915,"AQ Trigger Ms","Premium 2",20.0537,18349.1355
2021-08-01,A2821150801,214,"AQ Lumina Ms","Standard 1",21.7118,4646.3252
2021-08-01,A2918150101,561,"AQ Master wired x1","Standard 1",6.8991,3870.3951
2021-08-01,A2918150102,206,"AQ Master wired x1","Standard 2",7.5979,1565.1674
2021-08-01,A2918150103,825,"AQ Master wired x1","Plus 1",7.7693,6409.6725
2021-08-01,A2918150104,620,"AQ Master wired x1","Plus 2",8.9514,5549.8680
2021-08-01,A2918150105,801,"AQ Master wired x1","Premium 1",9.4650,7581.4650
2021-08-01,A2918150106,692,"AQ Master wired x1","Premium 2",10.4188,7209.8096
2021-08-01,A3018150201,836,"AQ Master wireless x1","Standard 1",10.7955,9025.0380
2021-08-01,A3018150202,385,"AQ Master wireless x1","Standard 2",11.0524,4255.1740
2021-08-01,A3018150203,312,"AQ Master wireless x1","Plus 1",12.3739,3860.6568
2021-08-01,A3019150204,741,"AQ Master wireless x1","Plus 2",11.6011,8596.4151
2021-08-01,A3019150205,319,"AQ Master wireless x1","Premium 1",12.0509,3844.2371
2021-08-01,A3019150206,720,"AQ Master wireless x1","Premium 2",13.0018,9361.2960
2021-08-01,A3119150301,287,"AQ Gamers ","Standard 1",13.5061,3876.2507
2021-08-01,A3119150302,389,"AQ Gamers ","Standard 2",15.3071,5954.4619
2021-08-01,A3119150303,688,"AQ Gamers ","Plus 1",16.2407,11173.6016
2021-08-01,A3120150304,736,"AQ Gamers ","Plus 2",16.3792,12055.0912
2021-08-01,A3120150305,118,"AQ Gamers ","Premium 1",16.3218,1925.9724
2021-08-01,A3120150306,486,"AQ Gamers ","Premium 2",19.3003,9379.9458
2021-08-01,A3220150401,475,"AQ Lite","Standard 1",18.4943,8784.7925
2021-08-01,A3220150402,803,"AQ Lite","Standard 2",18.7947,15092.1441
2021-08-01,A3220150403,500,"AQ Lite","Plus 1",18.5844,9292.2000
2021-08-01,A3220150404,146,"AQ Lite","Plus 2",18.4219,2689.5974
2021-08-01,A3220150405,840,"AQ Lite","Premium 1",18.9415,15910.8600
2021-08-01,A3220150406,456,"AQ Lite","Premium 2",20.0066,9123.0096
2021-08-01,A3320150501,845,"AQ Maxima","Standard 1",20.3908,17230.2260
2021-08-01,A3320150502,102,"AQ Maxima","Standard 2",21.6988,2213.2776
2021-08-01,A3320150503,389,"AQ Maxima","Plus 1",20.8733,8119.7137
2021-08-01,A3320150504,509,"AQ Maxima","Plus 2",22.1341,11266.2569
2021-08-01,A3320150505,139,"AQ Maxima","Premium 1",23.0844,3208.7316
2021-08-01,A3320150506,100,"AQ Maxima","Premium 2",23.7678,2376.7800
2021-08-01,A3420150601,414,"AQ Qwerty","Standard 1",24.5690,10171.5660
2021-08-01,A3420150602,583,"AQ Qwerty","Standard 2",23.9726,13976.0258
2021-08-01,A3421150603,620,"AQ Qwerty","Plus 1",26.9507,16709.4340
2021-08-01,A3421150604,546,"AQ Qwerty","Plus 2",27.4152,14968.6992
2021-08-01,A3421150605,491,"AQ Qwerty","Premium 1",29.8692,14665.7772
2021-08-01,A3421150606,517,"AQ Qwerty","Premium 2",29.6709,15339.8553
2021-08-01,A3521150701,875,"AQ Trigger","Standard 1",29.3872,25713.8000
2021-08-01,A3521150702,614,"AQ Trigger","Standard 2",30.3414,18629.6196
2021-08-01,A3521150703,380,"AQ Trigger","Plus 1",31.7665,12071.2700
2021-08-01,A3521150704,611,"AQ Trigger","Plus 2",33.6246,20544.6306
2021-08-01,A3521150705,394,"AQ Trigger","Premium 1",34.5114,13597.4916
2021-08-01,A3718150101,53,"AQ LION x1",Standard,16.5127,875.1731
2021-08-01,A3718150102,55,"AQ LION x1","Plus 1 ",16.1015,885.5825
2021-08-01,A3718150103,38,"AQ LION x1","Plus 2",17.5697,667.6486
2021-08-01,A3718150105,68,"AQ LION x1",Premium,18.0312,1226.1216
2021-08-01,A3818150201,71,"AQ LION x2",Standard,17.2648,1225.8008
2021-08-01,A3818150202,21,"AQ LION x2","Plus 1 ",17.5197,367.9137
2021-08-01,A3819150203,76,"AQ LION x2","Plus 2",18.4533,1402.4508
2021-08-01,A3819150204,56,"AQ LION x2","Plus 3",21.1942,1186.8752
2021-08-01,A3819150205,54,"AQ LION x2",Premium,21.6066,1166.7564
2021-08-01,A3920150301,29,"AQ LION x3",Standard,22.1454,642.2166
2021-08-01,A3920150302,31,"AQ LION x3","Plus 1 ",23.1520,717.7120
2021-08-01,A3920150303,22,"AQ LION x3","Plus 2",25.4670,560.2740
2021-08-01,A3920150304,71,"AQ LION x3","Plus 3",25.0442,1778.1382
2021-08-01,A3920150305,53,"AQ LION x3",Premium,27.4546,1455.0938
2021-08-01,A4020150401,62,"AQ Mx NB",Standard,26.9302,1669.6724
2021-08-01,A4020150402,72,"AQ Mx NB","Plus 1 ",28.4500,2048.4000
2021-08-01,A4021150403,34,"AQ Mx NB","Plus 2",29.9423,1018.0382
2021-08-01,A4021150404,76,"AQ Mx NB","Plus 3",28.5800,2172.0800
2021-08-01,A4021150405,44,"AQ Mx NB",Premium,31.7029,1394.9276
2021-08-01,A4118110105,14,"AQ Aspiron","Plus Blue",182.8932,2560.5048
2021-08-01,A4118110106,8,"AQ Aspiron","Plus Red",187.7533,1502.0264
2021-08-01,A4118110107,28,"AQ Aspiron","Premium Black",195.7721,5481.6188
2021-08-01,A4218110201,23,"AQ Digit","Standard Grey",200.2732,4606.2836
2021-08-01,A4218110202,11,"AQ Digit","Standard Blue",215.9341,2375.2751
2021-08-01,A4218110203,33,"AQ Digit","Standard Red",236.8486,7816.0038
2021-08-01,A4218110204,28,"AQ Digit","Plus Grey",232.1038,6498.9064
2021-08-01,A4218110205,8,"AQ Digit","Plus Blue",240.1403,1921.1224
2021-08-01,A4218110206,22,"AQ Digit","Plus Red",237.0183,5214.4026
2021-08-01,A4218110207,28,"AQ Digit","Premium Black",249.1303,6975.6484
2021-08-01,A4218110208,16,"AQ Digit","Premium Misty Green",243.0414,3888.6624
2021-08-01,A4318110301,32,"AQ Velocity","Standard Grey",264.7000,8470.4000
2021-08-01,A4319110302,32,"AQ Velocity","Standard Blue",267.2091,8550.6912
2021-08-01,A4319110303,28,"AQ Velocity","Standard Red",261.2305,7314.4540
2021-08-01,A4319110304,36,"AQ Velocity","Plus Grey",267.0636,9614.2896
2021-08-01,A4319110305,34,"AQ Velocity","Plus Blue",277.8079,9445.4686
2021-08-01,A4319110306,19,"AQ Velocity","Plus Red",275.8194,5240.5686
2021-08-01,A4419110401,25,"AQ Elite","Standard Grey",271.3471,6783.6775
2021-08-01,A4419110402,36,"AQ Elite","Standard Blue",281.9504,10150.2144
2021-08-01,A4419110403,39,"AQ Elite","Standard Red",288.0503,11233.9617
2021-08-01,A4419110404,34,"AQ Elite","Plus Grey",286.8973,9754.5082
2021-08-01,A4419110405,28,"AQ Elite","Plus Blue",291.2071,8153.7988
2021-08-01,A4419110406,23,"AQ Elite","Plus Red",287.5666,6614.0318
2021-08-01,A4419110407,9,"AQ Elite","Premium Black",287.4934,2587.4406
2021-08-01,A4419110408,9,"AQ Elite","Premium Misty Green",297.0277,2673.2493
2021-08-01,A4519110501,13,"AQ Gen X","Standard Grey",311.8396,4053.9148
2021-08-01,A4519110502,37,"AQ Gen X","Standard Blue",300.3378,11112.4986
2021-08-01,A4519110503,39,"AQ Gen X","Standard Red",306.9189,11969.8371
2021-08-01,A4520110504,38,"AQ Gen X","Plus Grey",341.7343,12985.9034
2021-08-01,A4520110505,28,"AQ Gen X","Plus Blue",325.2156,9106.0368
2021-08-01,A4520110506,39,"AQ Gen X","Plus Red",325.2561,12684.9879
2021-08-01,A4520110507,30,"AQ Gen X","Premium Black",322.9426,9688.2780
2021-08-01,A4520110508,30,"AQ Gen X","Premium Misty Green",327.0930,9812.7900
2021-08-01,A4620110601,37,"AQ Gen Y","Standard Grey",347.2474,12848.1538
2021-08-01,A4620110602,23,"AQ Gen Y","Standard Blue",346.6886,7973.8378
2021-08-01,A4620110603,31,"AQ Gen Y","Standard Red",366.0459,11347.4229
2021-08-01,A4620110604,14,"AQ Gen Y","Plus Grey",353.0982,4943.3748
2021-08-01,A4620110605,13,"AQ Gen Y","Plus Blue",349.2525,4540.2825
2021-08-01,A4620110606,35,"AQ Gen Y","Plus Red",348.5375,12198.8125
2021-08-01,A4620110607,32,"AQ Gen Y","Premium Black",347.8030,11129.6960
2021-08-01,A4620110608,18,"AQ Gen Y","Premium Misty Green",363.0630,6535.1340
2021-08-01,A4720110701,9,"AQ GEN Z","Standard Grey",367.7335,3309.6015
2021-08-01,A4720110702,26,"AQ GEN Z","Standard Blue",371.4027,9656.4702
2021-08-01,A4721110703,32,"AQ GEN Z","Standard Red",361.6496,11572.7872
2021-08-01,A4721110704,13,"AQ GEN Z","Plus Grey",380.2153,4942.7989
2021-08-01,A4721110705,23,"AQ GEN Z","Plus Blue",377.4069,8680.3587
2021-08-01,A4918110101,7,"AQ BZ 101","Standard Grey",419.1936,2934.3552
2021-08-01,A4918110102,21,"AQ BZ 101","Standard Blue",451.4881,9481.2501
2021-08-01,A4918110103,5,"AQ BZ 101","Premium Black",428.1451,2140.7255
2021-08-01,A4918110104,18,"AQ BZ 101","Premium Misty Green",460.2805,8285.0490
2021-08-01,A5018110201,13,"AQ BZ Compact","Standard Grey",451.7049,5872.1637
2021-08-01,A5018110202,19,"AQ BZ Compact","Standard Blue",462.5568,8788.5792
2021-08-01,A5018110203,12,"AQ BZ Compact","Standard Red",452.1420,5425.7040
2021-08-01,A5018110204,22,"AQ BZ Compact","Plus Grey",447.7337,9850.1414
2021-08-01,A5018110205,11,"AQ BZ Compact","Plus Blue",486.1763,5347.9393
2021-08-01,A5018110206,6,"AQ BZ Compact","Plus Red",475.5544,2853.3264
2021-08-01,A5018110207,9,"AQ BZ Compact","Premium Black",475.1904,4276.7136
2021-08-01,A5019110208,21,"AQ BZ Compact","Premium Misty Green",467.3047,9813.3987
2021-08-01,A5119110301,18,"AQ BZ Gen Y","Standard Grey",479.0441,8622.7938
2021-08-01,A5119110302,17,"AQ BZ Gen Y","Standard Blue",474.3132,8063.3244
2021-08-01,A5119110303,15,"AQ BZ Gen Y","Standard Red",474.3154,7114.7310
2021-08-01,A5119110305,23,"AQ BZ Gen Y","Plus Blue",483.3813,11117.7699
2021-08-01,A5119110306,12,"AQ BZ Gen Y","Plus Red",486.4857,5837.8284
2021-08-01,A5119110307,17,"AQ BZ Gen Y","Premium Black",516.4580,8779.7860
2021-08-01,A5119110308,26,"AQ BZ Gen Y","Premium Misty Green",512.5811,13327.1086
2021-08-01,A5219110401,13,"AQ BZ Gen Z","Standard Grey",506.9644,6590.5372
2021-08-01,A5219110402,24,"AQ BZ Gen Z","Standard Blue",490.1582,11763.7968
2021-08-01,A5219110403,25,"AQ BZ Gen Z","Standard Red",525.8042,13145.1050
2021-08-01,A5219110405,21,"AQ BZ Gen Z","Plus Blue",521.2603,10946.4663
2021-08-01,A5219110406,7,"AQ BZ Gen Z","Plus Red",550.4597,3853.2179
2021-08-01,A5219110407,12,"AQ BZ Gen Z","Premium Black",545.5931,6547.1172
2021-08-01,A5220110408,9,"AQ BZ Gen Z","Premium Misty Green",533.0397,4797.3573
2021-08-01,A5318110103,10,"AQ Gamer 1","Standard Black",584.9722,5849.7220
2021-08-01,A5318110104,12,"AQ Gamer 1","Plus Firey Red",586.3824,7036.5888
2021-08-01,A5318110105,10,"AQ Gamer 1","Plus Cool Blue",551.3303,5513.3030
2021-08-01,A5318110106,7,"AQ Gamer 1","Plus Black",565.8747,3961.1229
2021-08-01,A5318110107,9,"AQ Gamer 1","Premium Black",571.6489,5144.8401
2021-08-01,A5318110108,14,"AQ Gamer 1","Premium Misty Green",579.6609,8115.2526
2021-08-01,A5419110201,4,"AQ Gamer 2","Standard Firey Red",585.0003,2340.0012
2021-08-01,A5419110202,6,"AQ Gamer 2","Standard Cool Blue",567.9271,3407.5626
2021-08-01,A5419110203,12,"AQ Gamer 2","Standard Black",595.5711,7146.8532
2021-08-01,A5419110204,14,"AQ Gamer 2","Plus Firey Red",602.9200,8440.8800
2021-08-01,A5419110205,12,"AQ Gamer 2","Plus Cool Blue",570.7578,6849.0936
2021-08-01,A5419110206,4,"AQ Gamer 2","Plus Black",601.6398,2406.5592
2021-08-01,A5419110207,8,"AQ Gamer 2","Premium Black",599.2302,4793.8416
2021-08-01,A5419110208,10,"AQ Gamer 2","Premium Misty Green",608.4070,6084.0700
2021-08-01,A5519110301,5,"AQ Gamer 3","Standard Firey Red",589.7411,2948.7055
2021-08-01,A5519110302,10,"AQ Gamer 3","Standard Cool Blue",605.8642,6058.6420
2021-08-01,A5519110303,11,"AQ Gamer 3","Standard Black",604.2721,6646.9931
2021-08-01,A5519110304,6,"AQ Gamer 3","Plus Firey Red",597.7704,3586.6224
2021-08-01,A5520110305,13,"AQ Gamer 3","Plus Cool Blue",632.4885,8222.3505
2021-08-01,A5520110306,13,"AQ Gamer 3","Plus Black",639.6816,8315.8608
2021-08-01,A5520110307,10,"AQ Gamer 3","Premium Black",609.7926,6097.9260
2021-08-01,A5520110308,16,"AQ Gamer 3","Premium Misty Green",590.1159,9441.8544
2021-08-01,A5620110401,11,"AQ Smash 1","Standard Firey Red",642.0698,7062.7678
2021-08-01,A5620110402,6,"AQ Smash 1","Standard Cool Blue",593.8297,3562.9782
2021-08-01,A5621110403,11,"AQ Smash 1","Standard Black",631.1855,6943.0405
2021-08-01,A5621110404,8,"AQ Smash 1","Plus Firey Red",639.9614,5119.6912
2021-08-01,A5621110405,17,"AQ Smash 1","Plus Cool Blue",601.8173,10230.8941
2021-08-01,A5621110406,4,"AQ Smash 1","Plus Black",644.3777,2577.5108
2021-08-01,A5621110407,10,"AQ Smash 1","Premium Black",655.7782,6557.7820
2021-08-01,A5621110408,3,"AQ Smash 1","Premium Misty Green",657.2525,1971.7575
2021-08-01,A5721110501,12,"AQ Smash 2","Standard Firey Red",649.6929,7796.3148
2021-08-01,A5721110502,11,"AQ Smash 2","Standard Cool Blue",627.9938,6907.9318
2021-08-01,A5721110503,4,"AQ Smash 2","Standard Black",678.3035,2713.2140
2021-08-01,A5721110504,5,"AQ Smash 2","Plus Firey Red",655.8348,3279.1740
2021-08-01,A5721110505,3,"AQ Smash 2","Plus Cool Blue",674.4272,2023.2816
2021-08-01,A5721110506,16,"AQ Smash 2","Plus Black",720.5460,11528.7360
2021-08-01,A5820110101,19,"AQ BZ Allin1","Standard 1",681.3022,12944.7418
2021-08-01,A5820110102,14,"AQ BZ Allin1","Standard 2",697.5541,9765.7574
2021-08-01,A5820110103,15,"AQ BZ Allin1","Standard 3",735.1465,11027.1975
2021-08-01,A5820110104,19,"AQ BZ Allin1","Plus 1",690.4971,13119.4449
2021-08-01,A5820110105,7,"AQ BZ Allin1","Plus 2",709.3926,4965.7482
2021-08-01,A5820110106,21,"AQ BZ Allin1","Plus 3",692.5242,14543.0082
2021-08-01,A5820110107,16,"AQ BZ Allin1","Premium 1",737.6775,11802.8400
2021-08-01,A5821110108,13,"AQ BZ Allin1","Premium 2",746.7388,9707.6044
2021-08-01,A6018110101,3,"AQ Home Allin1","Standard 1",800.4577,2401.3731
2021-08-01,A6018110102,5,"AQ Home Allin1","Standard 2",764.0542,3820.2710
2021-08-01,A6018110103,5,"AQ Home Allin1","Standard 3",770.9789,3854.8945
2021-08-01,A6018110104,4,"AQ Home Allin1","Plus 1",749.0987,2996.3948
2021-08-01,A6018110105,6,"AQ Home Allin1","Plus 2",766.6472,4599.8832
2021-08-01,A6018110106,5,"AQ Home Allin1","Plus 3",787.5874,3937.9370
2021-08-01,A6019110107,3,"AQ Home Allin1","Premium 1",785.9918,2357.9754
2021-08-01,A6019110108,1,"AQ Home Allin1","Premium 2",796.6606,796.6606
2021-08-01,A6119110201,5,"AQ HOME Allin1 Gen 2","Standard 1",824.0889,4120.4445
2021-08-01,A6119110202,6,"AQ HOME Allin1 Gen 2","Standard 2",790.1040,4740.6240
2021-08-01,A6119110203,3,"AQ HOME Allin1 Gen 2","Standard 3",769.5635,2308.6905
2021-08-01,A6119110204,5,"AQ HOME Allin1 Gen 2","Plus 1",807.2638,4036.3190
2021-08-01,A6120110205,1,"AQ HOME Allin1 Gen 2","Plus 2",834.9812,834.9812
2021-08-01,A6120110206,3,"AQ HOME Allin1 Gen 2","Plus 3",810.6034,2431.8102
2021-08-01,A6218160101,886,"AQ Digit SSD",Standard,13.5941,12044.3726
2021-08-01,A6218160102,270,"AQ Digit SSD",Plus,15.2481,4116.9870
2021-08-01,A6219160103,487,"AQ Digit SSD",Premium,16.3003,7938.2461
2021-08-01,A6319160201,743,"AQ Neuer SSD",Standard,17.3590,12897.7370
2021-08-01,A6319160202,574,"AQ Neuer SSD",Plus,18.5733,10661.0742
2021-08-01,A6319160203,449,"AQ Neuer SSD",Premium,19.3433,8685.1417
2021-08-01,A6419160301,572,"AQ Clx1",Standard,17.8043,10184.0596
2021-08-01,A6419160302,926,"AQ Clx1",Plus,19.6723,18216.5498
2021-08-01,A6419160303,772,"AQ Clx1",Premium,19.3342,14926.0024
2021-08-01,A6519160401,778,"AQ Clx2",Standard,20.2889,15784.7642
2021-08-01,A6520160402,110,"AQ Clx2",Plus,20.1650,2218.1500
2021-08-01,A6520160403,940,"AQ Clx2",Premium,21.2830,20006.0200
2021-08-01,A6620160501,339,"AQ Clx3",Standard,22.8530,7747.1670
2021-08-01,A6720160103,433,"AQ Pen Drive 2 IN 1",Premium,4.4411,1922.9963
2021-08-01,A6818160201,774,"AQ Pen Drive DRC",Standard,2.9990,2321.2260
2021-08-01,A6818160202,1538,"AQ Pen Drive DRC",Plus,3.8531,5926.0678
2021-08-01,A6819160203,436,"AQ Pen Drive DRC",Premium,5.0984,2222.9024
2021-08-01,A7118160101,251,"AQ Wi Power Dx1",Standard,29.6712,7447.4712
2021-08-01,A7119160102,454,"AQ Wi Power Dx1",Plus,29.9264,13586.5856
2021-08-01,A7119160103,137,"AQ Wi Power Dx1",Premium,28.7736,3941.9832
2021-08-01,A7219160201,531,"AQ Wi Power Dx2",Standard,32.9575,17500.4325
2021-08-01,A7220160202,264,"AQ Wi Power Dx2",Plus,35.2053,9294.1992
2021-08-01,A7220160203,586,"AQ Wi Power Dx2",Premium,37.4784,21962.3424
2021-08-01,A7321160301,459,"AQ Wi Power Dx3",Standard,40.7954,18725.0886
2021-08-01,A7321160302,193,"AQ Wi Power Dx3",Plus,43.9446,8481.3078
2021-08-01,A7321160303,158,"AQ Wi Power Dx3",Premium,42.8483,6770.0314
